Bait	PreyGene	#Rep	AvgP	BFDR
EIF4A2	A2M	3	0.0000	0.7045
MEPCE	A2M	3	0.0000	0.7045
EIF4A2	AAAS	3	0.3333	0.1871
MEPCE	AAAS	3	0.0034	0.5657
EIF4A2	AAR2	3	0.0000	0.7045
MEPCE	AAR2	3	0.0001	0.6759
EIF4A2	ABCE1	3	1.0000	0.0000
MEPCE	ABCE1	3	0.2694	0.2554
EIF4A2	ABCF1	3	0.0000	0.7045
MEPCE	ABCF1	3	0.0000	0.7045
EIF4A2	ABCF2	3	0.0000	0.7045
MEPCE	ABCF2	3	0.0000	0.7045
EIF4A2	ABI1	3	0.0000	0.7045
MEPCE	ABI1	3	0.0000	0.7045
EIF4A2	ABRAXAS2	3	0.0020	0.5922
MEPCE	ABRAXAS2	3	0.0081	0.5197
EIF4A2	ACACA	3	0.0000	0.7045
MEPCE	ACACA	3	0.0000	0.7045
EIF4A2	ACAP2	3	0.0000	0.7045
MEPCE	ACAP2	3	0.0000	0.7045
EIF4A2	ACLY	3	0.0000	0.7045
MEPCE	ACLY	3	0.0000	0.7045
EIF4A2	ACSL3	3	0.6396	0.0617
MEPCE	ACSL3	3	0.0001	0.6759
EIF4A2	ACTA1	3	0.0035	0.5647
MEPCE	ACTA1	3	0.2819	0.2473
EIF4A2	ACTA2	3	0.0037	0.5612
MEPCE	ACTA2	3	1.0000	0.0000
EIF4A2	ACTBL2	3	0.0120	0.4994
MEPCE	ACTBL2	3	0.1023	0.3319
EIF4A2	ACTG1	3	0.0044	0.5539
MEPCE	ACTG1	3	1.0000	0.0000
EIF4A2	ACTN4	3	0.0000	0.7045
MEPCE	ACTN4	3	0.0000	0.7045
EIF4A2	ACTR10	3	0.0000	0.7045
MEPCE	ACTR10	3	0.0000	0.7045
EIF4A2	ACTR1A	3	0.0000	0.7045
MEPCE	ACTR1A	3	0.0000	0.7045
EIF4A2	ACTR2	3	0.0000	0.7045
MEPCE	ACTR2	3	0.0000	0.7045
EIF4A2	ACTR3	3	0.0000	0.7045
MEPCE	ACTR3	3	0.0000	0.7045
EIF4A2	ADD1	3	0.0001	0.6759
MEPCE	ADD1	3	0.6714	0.0357
EIF4A2	ADD3	3	0.0008	0.6216
MEPCE	ADD3	3	0.0027	0.5803
EIF4A2	ADRM1	3	0.0000	0.7045
MEPCE	ADRM1	3	0.0000	0.7045
EIF4A2	AGPAT1	3	0.0001	0.6759
MEPCE	AGPAT1	3	0.0008	0.6216
EIF4A2	AHCY	3	0.0000	0.7045
MEPCE	AHCY	3	0.0004	0.6406
EIF4A2	AIMP1	3	0.0000	0.7045
MEPCE	AIMP1	3	0.3002	0.2371
EIF4A2	AIMP2	3	0.0000	0.7045
MEPCE	AIMP2	3	0.0000	0.7045
EIF4A2	AKAP12	3	0.0001	0.6759
MEPCE	AKAP12	3	0.0979	0.3360
EIF4A2	AKAP5	3	1.0000	0.0000
EIF4A2	ALB	3	1.0000	0.0000
MEPCE	ALB	3	0.0000	0.7045
EIF4A2	ALDH16A1	3	0.0000	0.7045
MEPCE	ALDH16A1	3	0.0000	0.7045
EIF4A2	ALDH18A1	3	0.0000	0.7045
MEPCE	ALDH18A1	3	0.0001	0.6759
EIF4A2	ALDH1A2	3	0.0000	0.7045
MEPCE	ALDH1A2	3	0.0000	0.7045
EIF4A2	ALDH1L1	3	0.0000	0.7045
MEPCE	ALDH1L1	3	0.0000	0.7045
EIF4A2	ALDH3A2	3	0.0000	0.7045
MEPCE	ALDH3A2	3	0.0005	0.6342
EIF4A2	ALDOA	3	0.0000	0.7045
MEPCE	ALDOA	3	0.0000	0.7045
EIF4A2	ALG13	3	0.1474	0.3044
MEPCE	ALG13	3	0.0012	0.6085
EIF4A2	ALYREF	3	0.0001	0.6759
MEPCE	ALYREF	3	1.0000	0.0000
EIF4A2	AMD1	3	0.0000	0.7045
MEPCE	AMD1	3	0.0000	0.7045
EIF4A2	AMPD2	3	0.0000	0.7045
MEPCE	AMPD2	3	0.0045	0.5528
EIF4A2	ANGEL2	3	0.0001	0.6759
MEPCE	ANGEL2	3	0.6974	0.0231
EIF4A2	ANKFY1	3	0.0000	0.7045
MEPCE	ANKFY1	3	0.0000	0.7045
EIF4A2	ANKHD1	3	0.3024	0.2340
MEPCE	ANKHD1	3	0.9999	0.0000
EIF4A2	ANKRD28	3	0.0000	0.7045
MEPCE	ANKRD28	3	0.0167	0.4810
EIF4A2	ANP32A	3	0.0000	0.7045
MEPCE	ANP32A	3	0.0000	0.7045
EIF4A2	ANP32B	3	1.0000	0.0000
MEPCE	ANP32B	3	0.0002	0.6584
EIF4A2	ANP32E	3	0.2486	0.2636
MEPCE	ANP32E	3	0.0000	0.7045
EIF4A2	ANXA2	3	0.0158	0.4838
MEPCE	ANXA2	3	0.1111	0.3245
EIF4A2	AP1B1	3	0.0000	0.7045
MEPCE	AP1B1	3	0.0000	0.7045
EIF4A2	AP1G1	3	0.0000	0.7045
MEPCE	AP1G1	3	0.0000	0.7045
EIF4A2	AP2A2	3	0.0000	0.7045
MEPCE	AP2A2	3	0.0000	0.7045
EIF4A2	AP2B1	3	0.0000	0.7045
MEPCE	AP2B1	3	0.0031	0.5751
EIF4A2	AP3B1	3	0.0000	0.7045
MEPCE	AP3B1	3	0.0000	0.7045
EIF4A2	AP3D1	3	0.0000	0.7045
MEPCE	AP3D1	3	0.0000	0.7045
EIF4A2	AP3M1	3	0.0000	0.7045
MEPCE	AP3M1	3	0.0000	0.7045
EIF4A2	AP3S1	3	0.0000	0.7045
MEPCE	AP3S1	3	0.0000	0.7045
EIF4A2	APEX1	3	0.0000	0.7045
MEPCE	APEX1	3	0.0000	0.7045
EIF4A2	API5	3	0.0000	0.7045
MEPCE	API5	3	0.0000	0.7045
EIF4A2	APLP2	3	0.0000	0.7045
MEPCE	APLP2	3	0.0037	0.5612
EIF4A2	APOB	3	0.0000	0.7045
MEPCE	APOB	3	0.0000	0.7045
EIF4A2	APP	3	0.0000	0.7045
MEPCE	APP	3	0.0001	0.6759
EIF4A2	ARCN1	3	0.0000	0.7045
MEPCE	ARCN1	3	0.0000	0.7045
EIF4A2	ARF3	3	0.0000	0.7045
MEPCE	ARF3	3	0.0000	0.7045
EIF4A2	ARF4	3	0.0000	0.7045
MEPCE	ARF4	3	0.0000	0.7045
MEPCE	ARF5	3	0.3849	0.1260
EIF4A2	ARGLU1	3	0.0002	0.6584
MEPCE	ARGLU1	3	0.7059	0.0210
EIF4A2	ARHGAP22	3	0.0001	0.6759
MEPCE	ARHGAP22	3	0.0092	0.5110
EIF4A2	ARHGAP42	3	0.0016	0.5997
MEPCE	ARHGAP42	3	1.0000	0.0000
EIF4A2	ARHGEF2	3	0.0000	0.7045
MEPCE	ARHGEF2	3	0.3332	0.2021
EIF4A2	ARL1	3	0.0000	0.7045
MEPCE	ARL1	3	0.0002	0.6584
EIF4A2	ARL6IP4	3	0.0000	0.7045
MEPCE	ARL6IP4	3	0.0000	0.7045
EIF4A2	ARL8A	3	0.6666	0.0510
MEPCE	ARL8A	3	0.3452	0.1491
EIF4A2	ARPC3	3	0.0000	0.7045
MEPCE	ARPC3	3	0.0000	0.7045
EIF4A2	ASNS	3	0.0000	0.7045
MEPCE	ASNS	3	0.0000	0.7045
EIF4A2	ATP1A1	3	0.0000	0.7045
MEPCE	ATP1A1	3	0.1861	0.2842
EIF4A2	ATP1B3	3	0.0001	0.6759
MEPCE	ATP1B3	3	0.0528	0.3953
EIF4A2	ATP2A2	3	0.0000	0.7045
MEPCE	ATP2A2	3	0.3594	0.1383
EIF4A2	ATP2B1	3	0.0000	0.7045
MEPCE	ATP2B1	3	0.9997	0.0000
EIF4A2	ATP5F1A	3	0.0000	0.7045
MEPCE	ATP5F1A	3	0.0000	0.7045
EIF4A2	ATP5F1B	3	0.0000	0.7045
MEPCE	ATP5F1B	3	0.0000	0.7045
EIF4A2	ATP5F1C	3	0.0000	0.7045
MEPCE	ATP5F1C	3	0.0422	0.4182
EIF4A2	ATP5IF1	3	0.0015	0.6018
MEPCE	ATP5IF1	3	0.0246	0.4522
EIF4A2	ATP5PO	3	0.0000	0.7045
MEPCE	ATP5PO	3	0.0000	0.7045
EIF4A2	ATP6AP1	3	0.0008	0.6216
MEPCE	ATP6AP1	3	0.6769	0.0336
EIF4A2	ATP6V1A	3	0.0000	0.7045
MEPCE	ATP6V1A	3	0.0000	0.7045
EIF4A2	ATP6V1B2	3	0.0000	0.7045
MEPCE	ATP6V1B2	3	0.0000	0.7045
EIF4A2	ATP6V1E1	3	0.0000	0.7045
MEPCE	ATP6V1E1	3	0.0000	0.7045
EIF4A2	ATP6V1G1	3	0.0001	0.6759
MEPCE	ATP6V1G1	3	0.0014	0.6047
EIF4A2	ATP6V1H	3	0.0000	0.7045
MEPCE	ATP6V1H	3	0.0000	0.7045
EIF4A2	ATXN2	3	1.0000	0.0000
EIF4A2	ATXN2L	3	1.0000	0.0000
MEPCE	ATXN2L	3	0.0031	0.5751
EIF4A2	AURKB	3	0.3316	0.2087
MEPCE	AURKB	3	0.6243	0.0647
EIF4A2	BABAM1	3	0.0000	0.7045
MEPCE	BABAM1	3	0.0000	0.7045
EIF4A2	BABAM2	3	0.0000	0.7045
MEPCE	BABAM2	3	0.0000	0.7045
EIF4A2	BAG2	3	0.0000	0.7045
MEPCE	BAG2	3	0.0000	0.7045
EIF4A2	BAG5	3	0.0000	0.7045
MEPCE	BAG5	3	0.0000	0.7045
EIF4A2	BAG6	3	0.0000	0.7045
MEPCE	BAG6	3	0.1161	0.3213
EIF4A2	BAIAP2L1	3	0.0974	0.3381
MEPCE	BAIAP2L1	3	0.1006	0.3329
EIF4A2	BCAP31	3	0.0000	0.7045
MEPCE	BCAP31	3	0.0001	0.6759
EIF4A2	BCKDK	3	0.0000	0.7045
MEPCE	BCKDK	3	0.1735	0.2937
EIF4A2	BCLAF1	3	0.4498	0.1087
MEPCE	BCLAF1	3	0.0000	0.7045
EIF4A2	BLOC1S2	3	0.0000	0.7045
MEPCE	BLOC1S2	3	0.0000	0.7045
EIF4A2	BOLA2	3	0.0000	0.7045
MEPCE	BOLA2	3	0.0000	0.7045
EIF4A2	BRCC3	3	0.0000	0.7045
MEPCE	BRCC3	3	0.0005	0.6342
EIF4A2	BRD2	3	0.0000	0.7045
MEPCE	BRD2	3	0.0002	0.6584
EIF4A2	BRD3	3	0.0000	0.7045
MEPCE	BRD3	3	0.0000	0.7045
EIF4A2	BRD9	3	0.0000	0.7045
MEPCE	BRD9	3	0.0003	0.6480
EIF4A2	BRI3BP	3	0.0001	0.6759
MEPCE	BRI3BP	3	0.9981	0.0000
EIF4A2	BSG	3	0.0000	0.7045
MEPCE	BSG	3	0.3422	0.1531
EIF4A2	BTF3	3	0.0000	0.7045
MEPCE	BTF3	3	0.0000	0.7045
EIF4A2	BTF3L4	3	0.0000	0.7045
MEPCE	BTF3L4	3	0.0000	0.7045
EIF4A2	BUB3	3	0.0000	0.7045
MEPCE	BUB3	3	0.0000	0.7045
EIF4A2	BUD31	3	0.0000	0.7045
MEPCE	BUD31	3	0.0000	0.7045
EIF4A2	BYSL	3	0.0019	0.5940
MEPCE	BYSL	3	0.9997	0.0000
EIF4A2	BZW1	3	0.0000	0.7045
MEPCE	BZW1	3	0.0000	0.7045
EIF4A2	BZW2	3	0.0000	0.7045
MEPCE	BZW2	3	0.0000	0.7045
EIF4A2	C11orf98	3	0.0000	0.7045
MEPCE	C11orf98	3	0.0003	0.6480
EIF4A2	C15orf40	3	0.0000	0.7045
MEPCE	C15orf40	3	0.0000	0.7045
EIF4A2	C19orf53	3	0.0000	0.7045
MEPCE	C19orf53	3	0.0624	0.3776
EIF4A2	C1QA	3	0.0000	0.7045
MEPCE	C1QA	3	0.0000	0.7045
EIF4A2	C1QB	3	0.0000	0.7045
MEPCE	C1QB	3	0.0000	0.7045
EIF4A2	C1QBP	3	0.0032	0.5722
MEPCE	C1QBP	3	1.0000	0.0000
EIF4A2	C1orf131	3	0.0001	0.6759
MEPCE	C1orf131	3	0.1249	0.3171
EIF4A2	C3	3	0.0000	0.7045
MEPCE	C3	3	0.0000	0.7045
EIF4A2	C4A	3	0.0000	0.7045
MEPCE	C4A	3	0.0000	0.7045
EIF4A2	C9orf78	3	0.0000	0.7045
MEPCE	C9orf78	3	0.0000	0.7045
EIF4A2	CACYBP	3	0.0000	0.7045
MEPCE	CACYBP	3	0.0000	0.7045
EIF4A2	CAD	3	0.0000	0.7045
MEPCE	CAD	3	0.0000	0.7045
EIF4A2	CALD1	3	0.0016	0.5997
MEPCE	CALD1	3	0.9536	0.0021
EIF4A2	CALM1	3	0.0000	0.7045
MEPCE	CALM1	3	0.9924	0.0002
EIF4A2	CALR	3	0.0000	0.7045
MEPCE	CALR	3	0.0000	0.7045
EIF4A2	CALU	3	0.0000	0.7045
MEPCE	CALU	3	0.0007	0.6261
EIF4A2	CAMK2D	3	0.0000	0.7045
MEPCE	CAMK2D	3	0.0000	0.7045
EIF4A2	CAMSAP3	3	0.0000	0.7045
MEPCE	CAMSAP3	3	0.0208	0.4681
EIF4A2	CAND1	3	0.0000	0.7045
MEPCE	CAND1	3	0.0000	0.7045
EIF4A2	CANX	3	0.6680	0.0399
MEPCE	CANX	3	0.2659	0.2575
EIF4A2	CAP1	3	0.0000	0.7045
MEPCE	CAP1	3	0.0000	0.7045
EIF4A2	CAPNS1	3	0.0000	0.7045
MEPCE	CAPNS1	3	0.0000	0.7045
EIF4A2	CAPRIN1	3	0.0005	0.6342
MEPCE	CAPRIN1	3	0.0001	0.6759
EIF4A2	CAPZA1	3	0.0000	0.7045
MEPCE	CAPZA1	3	0.0000	0.7045
EIF4A2	CAPZA2	3	0.0000	0.7045
MEPCE	CAPZA2	3	0.0000	0.7045
EIF4A2	CAPZB	3	0.0000	0.7045
MEPCE	CAPZB	3	0.0000	0.7045
EIF4A2	CARHSP1	3	0.0000	0.7045
MEPCE	CARHSP1	3	0.1491	0.3012
EIF4A2	CARM1	3	0.0000	0.7045
MEPCE	CARM1	3	0.0000	0.7045
EIF4A2	CBR1	3	0.0000	0.7045
MEPCE	CBR1	3	0.0000	0.7045
EIF4A2	CBX3	3	0.0027	0.5803
MEPCE	CBX3	3	0.2648	0.2585
EIF4A2	CBX4	3	0.2542	0.2605
EIF4A2	CBX5	3	0.0000	0.7045
MEPCE	CBX5	3	0.0000	0.7045
EIF4A2	CCAR1	3	0.0000	0.7045
MEPCE	CCAR1	3	0.6590	0.0549
EIF4A2	CCAR2	3	0.0000	0.7045
MEPCE	CCAR2	3	0.0000	0.7045
EIF4A2	CCDC124	3	0.0000	0.7045
MEPCE	CCDC124	3	0.0000	0.7045
EIF4A2	CCDC134	3	0.0000	0.7045
MEPCE	CCDC134	3	0.0000	0.7045
EIF4A2	CCDC22	3	0.0000	0.7045
MEPCE	CCDC22	3	0.0000	0.7045
EIF4A2	CCDC43	3	0.0000	0.7045
MEPCE	CCDC43	3	0.0000	0.7045
EIF4A2	CCDC50	3	0.0000	0.7045
MEPCE	CCDC50	3	0.0000	0.7045
EIF4A2	CCDC59	3	0.3870	0.1246
MEPCE	CCDC59	3	0.4721	0.1024
EIF4A2	CCDC61	3	0.0000	0.7045
MEPCE	CCDC61	3	0.0000	0.7045
EIF4A2	CCDC93	3	0.3563	0.1396
MEPCE	CCDC93	3	0.0362	0.4291
EIF4A2	CCNB1	3	0.0034	0.5657
MEPCE	CCNB1	3	0.0042	0.5560
EIF4A2	CCNT1	3	0.0075	0.5251
MEPCE	CCNT1	3	1.0000	0.0000
EIF4A2	CCNT2	3	0.1233	0.3182
MEPCE	CCNT2	3	0.0054	0.5424
EIF4A2	CCT2	3	0.0000	0.7045
MEPCE	CCT2	3	0.0245	0.4530
EIF4A2	CCT3	3	0.0000	0.7045
MEPCE	CCT3	3	0.0000	0.7045
EIF4A2	CCT4	3	0.0000	0.7045
MEPCE	CCT4	3	0.0000	0.7045
EIF4A2	CCT5	3	0.0000	0.7045
MEPCE	CCT5	3	0.0000	0.7045
EIF4A2	CCT6A	3	0.0000	0.7045
MEPCE	CCT6A	3	0.0000	0.7045
EIF4A2	CCT6B	3	0.3367	0.1675
MEPCE	CCT6B	3	0.3411	0.1571
EIF4A2	CCT7	3	0.0000	0.7045
MEPCE	CCT7	3	0.0000	0.7045
EIF4A2	CCT8	3	0.0000	0.7045
MEPCE	CCT8	3	0.0000	0.7045
EIF4A2	CD2AP	3	0.0000	0.7045
MEPCE	CD2AP	3	0.0000	0.7045
EIF4A2	CD2BP2	3	0.0000	0.7045
MEPCE	CD2BP2	3	0.0000	0.7045
EIF4A2	CDAN1	3	0.0034	0.5657
MEPCE	CDAN1	3	0.1366	0.3086
EIF4A2	CDC20B	3	1.0000	0.0000
EIF4A2	CDC5L	3	0.0002	0.6584
MEPCE	CDC5L	3	0.3920	0.1219
EIF4A2	CDC73	3	0.0000	0.7045
MEPCE	CDC73	3	0.0000	0.7045
EIF4A2	CDIPT	3	0.0000	0.7045
MEPCE	CDIPT	3	0.0032	0.5722
EIF4A2	CDK1	3	0.0000	0.7045
MEPCE	CDK1	3	0.0000	0.7045
EIF4A2	CDK11B	3	0.0000	0.7045
MEPCE	CDK11B	3	0.0000	0.7045
EIF4A2	CDK12	3	0.0000	0.7045
MEPCE	CDK12	3	0.0001	0.6759
EIF4A2	CDK4	3	0.0000	0.7045
MEPCE	CDK4	3	0.0000	0.7045
EIF4A2	CDK9	3	0.0040	0.5581
MEPCE	CDK9	3	1.0000	0.0000
EIF4A2	CFAP20	3	0.0000	0.7045
MEPCE	CFAP20	3	0.0000	0.7045
EIF4A2	CFL1	3	0.0000	0.7045
MEPCE	CFL1	3	0.0000	0.7045
EIF4A2	CGGBP1	3	0.0000	0.7045
MEPCE	CGGBP1	3	0.0002	0.6584
EIF4A2	CHCHD1	3	0.0000	0.7045
MEPCE	CHCHD1	3	0.0002	0.6584
EIF4A2	CHCHD2P9	3	0.0086	0.5141
MEPCE	CHCHD2P9	3	1.0000	0.0000
EIF4A2	CHD4	3	0.0000	0.7045
MEPCE	CHD4	3	0.0125	0.4987
EIF4A2	CHERP	3	1.0000	0.0000
MEPCE	CHERP	3	0.9015	0.0054
EIF4A2	CHID1	3	0.0000	0.7045
MEPCE	CHID1	3	0.0080	0.5209
EIF4A2	CHMP1A	3	0.0000	0.7045
MEPCE	CHMP1A	3	0.0000	0.7045
EIF4A2	CHMP2A	3	0.0000	0.7045
MEPCE	CHMP2A	3	0.0000	0.7045
EIF4A2	CHMP2B	3	0.0002	0.6584
MEPCE	CHMP2B	3	0.0000	0.7045
EIF4A2	CHUK	3	0.0000	0.7045
MEPCE	CHUK	3	0.0000	0.7045
EIF4A2	CIR1	3	0.0001	0.6759
MEPCE	CIR1	3	0.0000	0.7045
EIF4A2	CIRBP	3	0.0000	0.7045
MEPCE	CIRBP	3	0.0001	0.6759
EIF4A2	CISD2	3	0.0000	0.7045
MEPCE	CISD2	3	0.0000	0.7045
EIF4A2	CKAP2	3	0.0012	0.6085
MEPCE	CKAP2	3	0.0003	0.6480
EIF4A2	CKAP5	3	0.0000	0.7045
MEPCE	CKAP5	3	0.0000	0.7045
EIF4A2	CKB	3	0.0000	0.7045
MEPCE	CKB	3	0.0000	0.7045
EIF4A2	CLASP2	3	0.0000	0.7045
MEPCE	CLASP2	3	0.0000	0.7045
EIF4A2	CLCC1	3	0.0002	0.6584
MEPCE	CLCC1	3	0.2816	0.2483
EIF4A2	CLINT1	3	0.0000	0.7045
MEPCE	CLINT1	3	0.0061	0.5374
EIF4A2	CLIP1	3	0.0000	0.7045
MEPCE	CLIP1	3	0.0000	0.7045
EIF4A2	CLNS1A	3	0.0000	0.7045
MEPCE	CLNS1A	3	0.0000	0.7045
EIF4A2	CLPTM1L	3	0.0001	0.6759
MEPCE	CLPTM1L	3	0.0050	0.5479
EIF4A2	CLPX	3	0.0000	0.7045
MEPCE	CLPX	3	0.0000	0.7045
EIF4A2	CLSPN	3	0.0000	0.7045
MEPCE	CLSPN	3	0.0000	0.7045
EIF4A2	CLTC	3	0.0000	0.7045
MEPCE	CLTC	3	0.0000	0.7045
EIF4A2	CLUH	3	0.3160	0.2215
MEPCE	CLUH	3	0.0362	0.4291
EIF4A2	CMAS	3	0.0022	0.5891
MEPCE	CMAS	3	1.0000	0.0000
EIF4A2	CMBL	3	0.0000	0.7045
MEPCE	CMBL	3	0.0000	0.7045
EIF4A2	CMC1	3	0.0000	0.7045
MEPCE	CMC1	3	0.0000	0.7045
EIF4A2	CNBP	3	0.0000	0.7045
MEPCE	CNBP	3	0.0000	0.7045
EIF4A2	CNIH4	3	0.0000	0.7045
MEPCE	CNIH4	3	0.0014	0.6047
EIF4A2	CNN3	3	0.0000	0.7045
MEPCE	CNN3	3	0.0000	0.7045
EIF4A2	CNOT1	3	0.0000	0.7045
MEPCE	CNOT1	3	0.0000	0.7045
EIF4A2	CNOT9	3	0.0001	0.6759
MEPCE	CNOT9	3	0.0156	0.4852
EIF4A2	CNP	3	0.0077	0.5239
MEPCE	CNP	3	0.0037	0.5612
EIF4A2	COG2	3	0.0330	0.4388
MEPCE	COG2	3	0.0712	0.3651
EIF4A2	COG5	3	0.0000	0.7045
MEPCE	COG5	3	0.0000	0.7045
EIF4A2	COG7	3	0.0000	0.7045
MEPCE	COG7	3	0.0000	0.7045
EIF4A2	COIL	3	0.1785	0.2906
MEPCE	COIL	3	0.6857	0.0262
EIF4A2	COMMD3	3	0.0000	0.7045
MEPCE	COMMD3	3	0.0000	0.7045
EIF4A2	COPA	3	0.0000	0.7045
MEPCE	COPA	3	0.0000	0.7045
EIF4A2	COPB1	3	0.0000	0.7045
MEPCE	COPB1	3	0.0000	0.7045
EIF4A2	COPB2	3	0.0000	0.7045
MEPCE	COPB2	3	0.0000	0.7045
EIF4A2	COPE	3	0.0000	0.7045
MEPCE	COPE	3	0.0000	0.7045
EIF4A2	COPG1	3	0.0000	0.7045
MEPCE	COPG1	3	0.0001	0.6759
EIF4A2	COPG2	3	0.0000	0.7045
MEPCE	COPG2	3	0.0001	0.6759
EIF4A2	COPRS	3	0.0000	0.7045
MEPCE	COPRS	3	0.0000	0.7045
EIF4A2	COPS2	3	0.0000	0.7045
MEPCE	COPS2	3	0.0000	0.7045
EIF4A2	COPS3	3	0.0000	0.7045
MEPCE	COPS3	3	0.0000	0.7045
EIF4A2	COPS4	3	0.0000	0.7045
MEPCE	COPS4	3	0.0001	0.6759
EIF4A2	COPS5	3	0.3317	0.2065
MEPCE	COPS5	3	0.0000	0.7045
EIF4A2	COPS6	3	0.0000	0.7045
MEPCE	COPS6	3	0.0000	0.7045
EIF4A2	COPS7A	3	0.0000	0.7045
MEPCE	COPS7A	3	0.0001	0.6759
EIF4A2	COPS7B	3	0.0024	0.5859
MEPCE	COPS7B	3	0.3014	0.2361
EIF4A2	COPS8	3	0.0000	0.7045
MEPCE	COPS8	3	0.0000	0.7045
EIF4A2	COPZ1	3	0.0000	0.7045
MEPCE	COPZ1	3	0.0000	0.7045
EIF4A2	COQ8A	3	0.0193	0.4739
MEPCE	COQ8A	3	0.0007	0.6261
EIF4A2	CORO1C	3	0.9991	0.0000
MEPCE	CORO1C	3	1.0000	0.0000
EIF4A2	COX17	3	0.0000	0.7045
MEPCE	COX17	3	0.0988	0.3350
EIF4A2	COX4I1	3	0.0010	0.6157
MEPCE	COX4I1	3	0.0007	0.6261
EIF4A2	CPSF6	3	0.0000	0.7045
MEPCE	CPSF6	3	0.0000	0.7045
EIF4A2	CPSF7	3	0.0076	0.5245
MEPCE	CPSF7	3	0.0000	0.7045
EIF4A2	CRIPT	3	0.0000	0.7045
MEPCE	CRIPT	3	0.0000	0.7045
EIF4A2	CS	3	0.0000	0.7045
MEPCE	CS	3	0.0000	0.7045
EIF4A2	CSDE1	3	0.0000	0.7045
MEPCE	CSDE1	3	0.0001	0.6759
EIF4A2	CSE1L	3	0.0000	0.7045
MEPCE	CSE1L	3	0.0045	0.5528
EIF4A2	CSNK1A1	3	0.0101	0.5059
MEPCE	CSNK1A1	3	0.3426	0.1518
EIF4A2	CSNK1D	3	0.0000	0.7045
MEPCE	CSNK1D	3	0.0018	0.5962
EIF4A2	CSNK2A1	3	0.0000	0.7045
MEPCE	CSNK2A1	3	0.0028	0.5794
EIF4A2	CSNK2A2	3	0.0001	0.6759
MEPCE	CSNK2A2	3	0.0000	0.7045
EIF4A2	CSNK2B	3	0.0052	0.5447
MEPCE	CSNK2B	3	0.9742	0.0010
EIF4A2	CSRP1	3	0.0034	0.5657
MEPCE	CSRP1	3	0.2396	0.2676
EIF4A2	CSRP2	3	0.0000	0.7045
MEPCE	CSRP2	3	0.0149	0.4859
EIF4A2	CTR9	3	0.0000	0.7045
MEPCE	CTR9	3	0.0004	0.6406
EIF4A2	CTSZ	3	0.0018	0.5962
MEPCE	CTSZ	3	0.8163	0.0114
EIF4A2	CTTN	3	0.0000	0.7045
MEPCE	CTTN	3	0.0000	0.7045
EIF4A2	CUL1	3	0.0000	0.7045
MEPCE	CUL1	3	0.0000	0.7045
EIF4A2	CUL2	3	0.0000	0.7045
MEPCE	CUL2	3	0.0000	0.7045
EIF4A2	CUL4B	3	0.0000	0.7045
MEPCE	CUL4B	3	0.1156	0.3224
EIF4A2	CUSTOS	3	0.0000	0.7045
MEPCE	CUSTOS	3	0.0884	0.3483
EIF4A2	CWC22	3	0.0002	0.6584
MEPCE	CWC22	3	0.0014	0.6047
EIF4A2	CWC25	3	0.3417	0.1558
MEPCE	CWC25	3	0.0000	0.7045
EIF4A2	CWF19L2	3	0.0000	0.7045
MEPCE	CWF19L2	3	0.0002	0.6584
EIF4A2	CYB5R3	3	0.0000	0.7045
MEPCE	CYB5R3	3	0.0009	0.6193
EIF4A2	CYCS	3	0.0000	0.7045
MEPCE	CYCS	3	0.0000	0.7045
EIF4A2	CYFIP1	3	0.0000	0.7045
MEPCE	CYFIP1	3	0.0000	0.7045
EIF4A2	CYFIP2	3	0.6668	0.0430
MEPCE	CYFIP2	3	0.0013	0.6076
EIF4A2	DAP3	3	0.0066	0.5334
MEPCE	DAP3	3	0.0867	0.3523
EIF4A2	DARS1	3	0.0000	0.7045
MEPCE	DARS1	3	0.0000	0.7045
EIF4A2	DARS2	3	0.0000	0.7045
MEPCE	DARS2	3	0.0230	0.4576
EIF4A2	DCAF1	3	0.0000	0.7045
MEPCE	DCAF1	3	0.1576	0.2980
EIF4A2	DCD	3	0.0000	0.7045
MEPCE	DCD	3	0.0000	0.7045
EIF4A2	DCLK1	3	0.0000	0.7045
MEPCE	DCLK1	3	0.0072	0.5269
EIF4A2	DCTN1	3	0.0000	0.7045
MEPCE	DCTN1	3	0.0000	0.7045
EIF4A2	DCTN2	3	0.0000	0.7045
MEPCE	DCTN2	3	0.0000	0.7045
EIF4A2	DCTN3	3	0.0000	0.7045
MEPCE	DCTN3	3	0.0000	0.7045
EIF4A2	DCUN1D5	3	0.0000	0.7045
MEPCE	DCUN1D5	3	0.0000	0.7045
EIF4A2	DDB1	3	0.0000	0.7045
MEPCE	DDB1	3	0.0019	0.5940
EIF4A2	DDOST	3	0.0000	0.7045
MEPCE	DDOST	3	0.3223	0.2183
EIF4A2	DDX1	3	0.0000	0.7045
MEPCE	DDX1	3	0.0000	0.7045
EIF4A2	DDX17	3	0.0000	0.7045
MEPCE	DDX17	3	0.0000	0.7045
EIF4A2	DDX21	3	0.0063	0.5351
MEPCE	DDX21	3	1.0000	0.0000
EIF4A2	DDX23	3	0.0000	0.7045
MEPCE	DDX23	3	0.3019	0.2350
EIF4A2	DDX39A	3	1.0000	0.0000
MEPCE	DDX39A	3	0.0044	0.5539
EIF4A2	DDX3X	3	0.9443	0.0036
MEPCE	DDX3X	3	0.6139	0.0727
EIF4A2	DDX41	3	0.0014	0.6047
MEPCE	DDX41	3	0.0002	0.6584
EIF4A2	DDX42	3	0.0000	0.7045
MEPCE	DDX42	3	0.8756	0.0074
EIF4A2	DDX46	3	0.0000	0.7045
MEPCE	DDX46	3	0.0000	0.7045
EIF4A2	DDX49	3	0.0000	0.7045
MEPCE	DDX49	3	0.0000	0.7045
EIF4A2	DDX5	3	0.0000	0.7045
MEPCE	DDX5	3	0.9933	0.0002
EIF4A2	DDX50	3	1.0000	0.0000
MEPCE	DDX50	3	1.0000	0.0000
EIF4A2	DDX52	3	0.0119	0.5000
MEPCE	DDX52	3	0.4114	0.1151
EIF4A2	DDX54	3	0.0001	0.6759
MEPCE	DDX54	3	0.0001	0.6759
EIF4A2	DDX6	3	0.0000	0.7045
MEPCE	DDX6	3	0.0035	0.5647
EIF4A2	DEK	3	0.0000	0.7045
MEPCE	DEK	3	0.0538	0.3944
EIF4A2	DERPC	3	0.0000	0.7045
MEPCE	DERPC	3	0.0000	0.7045
EIF4A2	DHCR24	3	0.0000	0.7045
MEPCE	DHCR24	3	0.0000	0.7045
EIF4A2	DHX15	3	1.0000	0.0000
MEPCE	DHX15	3	0.0351	0.4348
EIF4A2	DHX16	3	0.0000	0.7045
MEPCE	DHX16	3	0.3062	0.2298
EIF4A2	DHX30	3	0.6691	0.0368
MEPCE	DHX30	3	1.0000	0.0000
EIF4A2	DHX35	3	0.0001	0.6759
MEPCE	DHX35	3	0.2427	0.2666
EIF4A2	DHX36	3	0.3276	0.2130
MEPCE	DHX36	3	0.0499	0.3998
EIF4A2	DHX38	3	0.0003	0.6480
MEPCE	DHX38	3	0.0000	0.7045
EIF4A2	DHX40	3	0.0000	0.7045
MEPCE	DHX40	3	0.0000	0.7045
EIF4A2	DHX9	3	0.4760	0.0999
MEPCE	DHX9	3	0.5088	0.0927
EIF4A2	DIABLO	3	0.0000	0.7045
MEPCE	DIABLO	3	0.0001	0.6759
EIF4A2	DIAPH1	3	0.0000	0.7045
MEPCE	DIAPH1	3	0.0000	0.7045
EIF4A2	DIDO1	3	0.0000	0.7045
MEPCE	DIDO1	3	0.0000	0.7045
EIF4A2	DIMT1	3	0.3333	0.1871
MEPCE	DIMT1	3	0.9999	0.0000
MEPCE	DIS3	3	0.5596	0.0799
EIF4A2	D0JA1	3	0.0000	0.7045
MEPCE	D0JA1	3	0.0000	0.7045
EIF4A2	D0JA2	3	0.0000	0.7045
MEPCE	D0JA2	3	0.0000	0.7045
EIF4A2	D0JB1	3	0.0004	0.6406
MEPCE	D0JB1	3	0.0142	0.4886
EIF4A2	D0JB6	3	0.0000	0.7045
MEPCE	D0JB6	3	0.0000	0.7045
EIF4A2	D0JC10	3	0.0000	0.7045
MEPCE	D0JC10	3	0.0007	0.6261
EIF4A2	D0JC7	3	0.0000	0.7045
MEPCE	D0JC7	3	0.0000	0.7045
EIF4A2	D0JC8	3	0.0000	0.7045
MEPCE	D0JC8	3	0.0001	0.6759
EIF4A2	D0JC9	3	0.0000	0.7045
MEPCE	D0JC9	3	0.0000	0.7045
EIF4A2	DOCK7	3	0.0003	0.6480
MEPCE	DOCK7	3	0.0005	0.6342
EIF4A2	DPM1	3	0.0000	0.7045
MEPCE	DPM1	3	0.0000	0.7045
EIF4A2	DPYSL2	3	0.0000	0.7045
MEPCE	DPYSL2	3	0.0000	0.7045
EIF4A2	DPYSL3	3	0.0000	0.7045
MEPCE	DPYSL3	3	0.0000	0.7045
EIF4A2	DRG1	3	1.0000	0.0000
MEPCE	DRG1	3	0.0025	0.5845
EIF4A2	DSP	3	0.0000	0.7045
MEPCE	DSP	3	0.0006	0.6309
EIF4A2	DSTN	3	0.0001	0.6759
MEPCE	DSTN	3	0.3157	0.2225
EIF4A2	DUT	3	0.0000	0.7045
MEPCE	DUT	3	0.0000	0.7045
EIF4A2	DYNC1H1	3	0.0000	0.7045
MEPCE	DYNC1H1	3	0.0004	0.6406
EIF4A2	DYNC1LI1	3	0.6673	0.0420
MEPCE	DYNC1LI1	3	0.0201	0.4717
EIF4A2	DYNC2I1	3	0.0000	0.7045
MEPCE	DYNC2I1	3	0.0000	0.7045
EIF4A2	DYNLL1	3	0.0001	0.6759
MEPCE	DYNLL1	3	0.0003	0.6480
EIF4A2	E2F7	3	0.0000	0.7045
MEPCE	E2F7	3	0.0000	0.7045
EIF4A2	EBP	3	0.0000	0.7045
MEPCE	EBP	3	0.0008	0.6216
EIF4A2	ECH1	3	0.0000	0.7045
MEPCE	ECH1	3	0.4348	0.1138
EIF4A2	ECHS1	3	0.6667	0.0451
MEPCE	ECHS1	3	0.0000	0.7045
EIF4A2	ECPAS	3	0.0000	0.7045
MEPCE	ECPAS	3	0.0000	0.7045
EIF4A2	EDF1	3	0.0000	0.7045
MEPCE	EDF1	3	0.0000	0.7045
EIF4A2	EDRF1	3	1.0000	0.0000
MEPCE	EDRF1	3	0.1323	0.3097
EIF4A2	EEF1A1	3	0.0000	0.7045
MEPCE	EEF1A1	3	0.0000	0.7045
EIF4A2	EEF1A2	3	0.0459	0.4139
MEPCE	EEF1A2	3	0.0006	0.6309
EIF4A2	EEF1B2	3	0.0000	0.7045
MEPCE	EEF1B2	3	0.0000	0.7045
EIF4A2	EEF1D	3	0.0000	0.7045
MEPCE	EEF1D	3	0.0000	0.7045
EIF4A2	EEF1E1	3	0.0000	0.7045
MEPCE	EEF1E1	3	0.0149	0.4859
EIF4A2	EEF1G	3	0.0000	0.7045
MEPCE	EEF1G	3	0.0000	0.7045
EIF4A2	EEF2	3	0.0000	0.7045
MEPCE	EEF2	3	0.0000	0.7045
EIF4A2	EFTUD2	3	0.0000	0.7045
MEPCE	EFTUD2	3	0.0000	0.7045
EIF4A2	EI24	3	0.0000	0.7045
MEPCE	EI24	3	0.0075	0.5251
EIF4A2	EIF1	3	0.0000	0.7045
MEPCE	EIF1	3	0.0001	0.6759
EIF4A2	EIF1AX	3	0.0000	0.7045
MEPCE	EIF1AX	3	0.0000	0.7045
EIF4A2	EIF2B1	3	0.0000	0.7045
MEPCE	EIF2B1	3	0.9717	0.0015
EIF4A2	EIF2B2	3	0.0000	0.7045
MEPCE	EIF2B2	3	0.0128	0.4967
EIF4A2	EIF2B3	3	0.0000	0.7045
MEPCE	EIF2B3	3	0.0000	0.7045
EIF4A2	EIF2B4	3	0.0000	0.7045
MEPCE	EIF2B4	3	0.0000	0.7045
EIF4A2	EIF2B5	3	0.0000	0.7045
MEPCE	EIF2B5	3	0.0034	0.5657
EIF4A2	EIF2S1	3	0.0000	0.7045
MEPCE	EIF2S1	3	0.0002	0.6584
EIF4A2	EIF2S2	3	0.0000	0.7045
MEPCE	EIF2S2	3	0.0000	0.7045
EIF4A2	EIF2S3	3	0.0008	0.6216
MEPCE	EIF2S3	3	0.0277	0.4483
EIF4A2	EIF3A	3	1.0000	0.0000
MEPCE	EIF3A	3	0.0078	0.5221
EIF4A2	EIF3B	3	1.0000	0.0000
MEPCE	EIF3B	3	0.0081	0.5197
EIF4A2	EIF3C	3	1.0000	0.0000
MEPCE	EIF3C	3	0.5380	0.0868
EIF4A2	EIF3D	3	1.0000	0.0000
MEPCE	EIF3D	3	0.1972	0.2800
EIF4A2	EIF3E	3	1.0000	0.0000
MEPCE	EIF3E	3	0.0350	0.4364
EIF4A2	EIF3F	3	1.0000	0.0000
MEPCE	EIF3F	3	0.0362	0.4291
EIF4A2	EIF3G	3	1.0000	0.0000
MEPCE	EIF3G	3	0.0008	0.6216
EIF4A2	EIF3H	3	1.0000	0.0000
MEPCE	EIF3H	3	0.0616	0.3795
EIF4A2	EIF3I	3	1.0000	0.0000
MEPCE	EIF3I	3	0.0003	0.6480
EIF4A2	EIF3K	3	1.0000	0.0000
MEPCE	EIF3K	3	0.3130	0.2267
EIF4A2	EIF3L	3	1.0000	0.0000
MEPCE	EIF3L	3	0.0637	0.3767
EIF4A2	EIF3M	3	1.0000	0.0000
MEPCE	EIF3M	3	0.0145	0.4879
EIF4A2	EIF4A1	3	1.0000	0.0000
MEPCE	EIF4A1	3	0.0050	0.5479
EIF4A2	EIF4A2	3	1.0000	0.0000
MEPCE	EIF4A2	3	0.1877	0.2821
EIF4A2	EIF4B	3	0.0000	0.7045
MEPCE	EIF4B	3	0.0000	0.7045
EIF4A2	EIF4E	3	1.0000	0.0000
MEPCE	EIF4E	3	0.0061	0.5374
EIF4A2	EIF4E2	3	0.8253	0.0101
MEPCE	EIF4E2	3	0.0074	0.5263
EIF4A2	EIF4ENIF1	3	0.0000	0.7045
MEPCE	EIF4ENIF1	3	0.0000	0.7045
EIF4A2	EIF4G1	3	1.0000	0.0000
MEPCE	EIF4G1	3	0.3355	0.1700
EIF4A2	EIF4G2	3	0.1873	0.2832
MEPCE	EIF4G2	3	0.1125	0.3234
EIF4A2	EIF4G3	3	0.9280	0.0043
MEPCE	EIF4G3	3	0.0706	0.3680
EIF4A2	EIF4H	3	0.0000	0.7045
MEPCE	EIF4H	3	0.0000	0.7045
EIF4A2	EIF5	3	0.0000	0.7045
MEPCE	EIF5	3	0.0004	0.6406
EIF4A2	EIF5A	3	0.0000	0.7045
MEPCE	EIF5A	3	0.0000	0.7045
EIF4A2	EIF5B	3	0.3154	0.2236
MEPCE	EIF5B	3	0.0000	0.7045
EIF4A2	ELAVL1	3	0.5050	0.0951
MEPCE	ELAVL1	3	0.5045	0.0963
EIF4A2	ELOA	3	0.8920	0.0065
MEPCE	ELOA	3	0.6200	0.0667
EIF4A2	ELOB	3	0.0000	0.7045
MEPCE	ELOB	3	0.0000	0.7045
EIF4A2	ELOC	3	0.0036	0.5642
MEPCE	ELOC	3	0.0541	0.3925
EIF4A2	ELOVL1	3	0.0001	0.6759
MEPCE	ELOVL1	3	0.0000	0.7045
EIF4A2	ELP1	3	0.0001	0.6759
MEPCE	ELP1	3	0.0029	0.5770
EIF4A2	ELP2	3	0.0000	0.7045
MEPCE	ELP2	3	0.4444	0.1125
EIF4A2	ELP3	3	0.0000	0.7045
MEPCE	ELP3	3	0.0067	0.5322
EIF4A2	EMD	3	0.0001	0.6759
MEPCE	EMD	3	0.0002	0.6584
EIF4A2	EMG1	3	0.0031	0.5751
MEPCE	EMG1	3	0.0648	0.3719
EIF4A2	EML4	3	0.0000	0.7045
MEPCE	EML4	3	0.0000	0.7045
EIF4A2	E0H	3	0.0000	0.7045
MEPCE	E0H	3	0.0000	0.7045
EIF4A2	ENDOG	3	0.0133	0.4941
MEPCE	ENDOG	3	1.0000	0.0000
EIF4A2	ENO1	3	0.0003	0.6480
MEPCE	ENO1	3	0.0000	0.7045
EIF4A2	ENSA	3	0.0000	0.7045
MEPCE	ENSA	3	0.0000	0.7045
EIF4A2	ENY2	3	0.0000	0.7045
MEPCE	ENY2	3	0.0000	0.7045
EIF4A2	EPB41L3	3	0.0000	0.7045
MEPCE	EPB41L3	3	0.0001	0.6759
EIF4A2	EPPK1	3	0.0000	0.7045
MEPCE	EPPK1	3	0.0000	0.7045
EIF4A2	EPRS1	3	0.0001	0.6759
MEPCE	EPRS1	3	0.3420	0.1545
EIF4A2	ERBIN	3	0.3343	0.1725
MEPCE	ERBIN	3	0.5121	0.0915
EIF4A2	ERC1	3	0.0000	0.7045
MEPCE	ERC1	3	0.0000	0.7045
EIF4A2	ERH	3	0.9554	0.0017
MEPCE	ERH	3	0.0021	0.5904
EIF4A2	ESYT1	3	0.0000	0.7045
MEPCE	ESYT1	3	0.0000	0.7045
EIF4A2	ESYT2	3	0.0000	0.7045
MEPCE	ESYT2	3	0.0000	0.7045
EIF4A2	EWSR1	3	0.0000	0.7045
MEPCE	EWSR1	3	0.0000	0.7045
EIF4A2	EXOC2	3	0.0000	0.7045
MEPCE	EXOC2	3	0.0000	0.7045
EIF4A2	EXOC4	3	0.0000	0.7045
MEPCE	EXOC4	3	0.0000	0.7045
EIF4A2	EXOC7	3	0.0130	0.4954
MEPCE	EXOC7	3	0.0384	0.4257
EIF4A2	EXOSC6	3	0.0000	0.7045
MEPCE	EXOSC6	3	0.0000	0.7045
EIF4A2	EXOSC8	3	0.0000	0.7045
MEPCE	EXOSC8	3	0.0000	0.7045
EIF4A2	EZR	3	0.0000	0.7045
MEPCE	EZR	3	0.0000	0.7045
EIF4A2	F5	3	0.0001	0.6759
MEPCE	F5	3	0.0000	0.7045
EIF4A2	FAM133A	3	0.0000	0.7045
MEPCE	FAM133A	3	0.0000	0.7045
EIF4A2	FAM133B	3	0.0000	0.7045
MEPCE	FAM133B	3	0.0000	0.7045
EIF4A2	FAM204A	3	0.0000	0.7045
MEPCE	FAM204A	3	0.0000	0.7045
EIF4A2	FAM32A	3	0.0000	0.7045
MEPCE	FAM32A	3	0.0015	0.6018
EIF4A2	FAM50A	3	0.0000	0.7045
MEPCE	FAM50A	3	0.0005	0.6342
EIF4A2	FAM76B	3	0.0620	0.3786
MEPCE	FAM76B	3	0.0029	0.5770
EIF4A2	FAM98A	3	0.0119	0.5000
MEPCE	FAM98A	3	0.0000	0.7045
EIF4A2	FAM98B	3	0.0000	0.7045
MEPCE	FAM98B	3	0.0000	0.7045
EIF4A2	FANCD2	3	0.0000	0.7045
MEPCE	FANCD2	3	0.9999	0.0000
EIF4A2	FANCI	3	0.0000	0.7045
MEPCE	FANCI	3	0.0000	0.7045
EIF4A2	FARSA	3	0.0000	0.7045
MEPCE	FARSA	3	0.0000	0.7045
EIF4A2	FARSB	3	0.0000	0.7045
MEPCE	FARSB	3	0.0000	0.7045
EIF4A2	FASN	3	0.0000	0.7045
MEPCE	FASN	3	0.0000	0.7045
EIF4A2	FAU	3	0.0000	0.7045
MEPCE	FAU	3	0.0000	0.7045
EIF4A2	FBL	3	0.0000	0.7045
MEPCE	FBL	3	0.0000	0.7045
EIF4A2	FBXO21	3	0.0000	0.7045
MEPCE	FBXO21	3	0.0001	0.6759
EIF4A2	FBXO31	3	0.0000	0.7045
EIF4A2	FDFT1	3	0.0000	0.7045
MEPCE	FDFT1	3	0.0000	0.7045
EIF4A2	FECH	3	0.0001	0.6759
MEPCE	FECH	3	0.0032	0.5722
EIF4A2	FEN1	3	0.0000	0.7045
MEPCE	FEN1	3	0.0000	0.7045
EIF4A2	FGF2	3	0.0000	0.7045
MEPCE	FGF2	3	0.0000	0.7045
EIF4A2	FHL1	3	0.0000	0.7045
MEPCE	FHL1	3	0.0000	0.7045
EIF4A2	FIP1L1	3	0.0002	0.6584
MEPCE	FIP1L1	3	0.6599	0.0529
EIF4A2	FKBP3	3	0.0000	0.7045
MEPCE	FKBP3	3	0.0000	0.7045
EIF4A2	FKBP4	3	0.0000	0.7045
MEPCE	FKBP4	3	0.0000	0.7045
EIF4A2	FLII	3	0.0000	0.7045
MEPCE	FLII	3	0.0000	0.7045
EIF4A2	FL0	3	0.0000	0.7045
MEPCE	FL0	3	0.0000	0.7045
EIF4A2	FLNB	3	0.3342	0.1763
MEPCE	FLNB	3	0.4447	0.1113
EIF4A2	FMR1	3	0.9885	0.0004
MEPCE	FMR1	3	0.0433	0.4164
EIF4A2	FOCAD	3	1.0000	0.0000
MEPCE	FOCAD	3	0.6678	0.0410
EIF4A2	FRA10AC1	3	0.0000	0.7045
MEPCE	FRA10AC1	3	0.0002	0.6584
EIF4A2	FRG1	3	0.0000	0.7045
MEPCE	FRG1	3	0.0000	0.7045
EIF4A2	FUBP1	3	0.9489	0.0027
MEPCE	FUBP1	3	0.0002	0.6584
EIF4A2	FUS	3	0.0000	0.7045
MEPCE	FUS	3	0.0000	0.7045
EIF4A2	FXR1	3	1.0000	0.0000
MEPCE	FXR1	3	0.9969	0.0001
EIF4A2	FXR2	3	1.0000	0.0000
MEPCE	FXR2	3	0.3741	0.1301
EIF4A2	G3BP1	3	0.0003	0.6480
MEPCE	G3BP1	3	0.6400	0.0607
EIF4A2	G3BP2	3	0.2162	0.2758
MEPCE	G3BP2	3	0.0213	0.4636
EIF4A2	GADD45GIP1	3	0.0000	0.7045
MEPCE	GADD45GIP1	3	0.0000	0.7045
EIF4A2	GA0B	3	0.0000	0.7045
MEPCE	GA0B	3	0.0000	0.7045
EIF4A2	GAPDH	3	0.0000	0.7045
MEPCE	GAPDH	3	0.0000	0.7045
EIF4A2	GAPVD1	3	0.0000	0.7045
MEPCE	GAPVD1	3	0.2541	0.2615
EIF4A2	GAR1	3	0.0000	0.7045
MEPCE	GAR1	3	0.3390	0.1610
EIF4A2	GART	3	0.0000	0.7045
MEPCE	GART	3	0.0000	0.7045
EIF4A2	GATAD2B	3	0.0000	0.7045
MEPCE	GATAD2B	3	0.0000	0.7045
EIF4A2	GBF1	3	0.0000	0.7045
MEPCE	GBF1	3	0.0020	0.5922
EIF4A2	GCN1	3	0.0000	0.7045
MEPCE	GCN1	3	0.0000	0.7045
EIF4A2	GEMIN5	3	0.0044	0.5539
MEPCE	GEMIN5	3	0.0796	0.3621
EIF4A2	GET4	3	0.0001	0.6759
MEPCE	GET4	3	0.3751	0.1287
EIF4A2	GIGYF2	3	0.0000	0.7045
MEPCE	GIGYF2	3	0.0000	0.7045
EIF4A2	GLO1	3	0.0000	0.7045
MEPCE	GLO1	3	0.0000	0.7045
EIF4A2	GLUD1	3	0.0000	0.7045
MEPCE	GLUD1	3	0.0000	0.7045
EIF4A2	G0I3	3	0.0000	0.7045
MEPCE	G0I3	3	0.9996	0.0000
EIF4A2	GNB1	3	0.0001	0.6759
MEPCE	GNB1	3	0.2970	0.2391
EIF4A2	GNG5	3	0.0007	0.6261
MEPCE	GNG5	3	0.2850	0.2443
EIF4A2	GNL3	3	0.0464	0.4104
MEPCE	GNL3	3	1.0000	0.0000
EIF4A2	GNL3L	3	0.0002	0.6584
MEPCE	GNL3L	3	0.0000	0.7045
EIF4A2	GPATCH1	3	0.0000	0.7045
MEPCE	GPATCH1	3	0.0000	0.7045
EIF4A2	GPATCH4	3	0.0092	0.5110
MEPCE	GPATCH4	3	0.6570	0.0558
EIF4A2	GPATCH8	3	0.0029	0.5770
MEPCE	GPATCH8	3	0.0085	0.5148
EIF4A2	GPBP1	3	0.0000	0.7045
MEPCE	GPBP1	3	0.0002	0.6584
EIF4A2	GPHN	3	0.0000	0.7045
MEPCE	GPHN	3	0.0002	0.6584
EIF4A2	GPN1	3	0.0082	0.5191
MEPCE	GPN1	3	0.0010	0.6157
EIF4A2	GPS1	3	0.0000	0.7045
MEPCE	GPS1	3	0.0000	0.7045
EIF4A2	GPX1	3	0.0000	0.7045
MEPCE	GPX1	3	0.0015	0.6018
EIF4A2	GPX4	3	0.0000	0.7045
MEPCE	GPX4	3	0.0012	0.6085
EIF4A2	GSPT2	3	0.0000	0.7045
MEPCE	GSPT2	3	0.0000	0.7045
EIF4A2	GTF2B	3	0.0000	0.7045
MEPCE	GTF2B	3	0.0000	0.7045
EIF4A2	GTF2F1	3	0.0000	0.7045
MEPCE	GTF2F1	3	0.0001	0.6759
EIF4A2	GTF2F2	3	0.0000	0.7045
MEPCE	GTF2F2	3	0.4686	0.1049
EIF4A2	GTF2I	3	0.0000	0.7045
MEPCE	GTF2I	3	0.0000	0.7045
EIF4A2	GTSE1	3	0.0000	0.7045
MEPCE	GTSE1	3	0.0000	0.7045
EIF4A2	H1-10	3	0.6667	0.0451
MEPCE	H1-10	3	1.0000	0.0000
EIF4A2	H1-2	3	0.0436	0.4156
MEPCE	H1-2	3	0.2859	0.2432
EIF4A2	H1-4	3	0.0197	0.4732
MEPCE	H1-4	3	1.0000	0.0000
EIF4A2	H2AZ1	3	0.0000	0.7045
MEPCE	H2AZ1	3	0.0644	0.3738
EIF4A2	H2BC12	3	0.0000	0.7045
MEPCE	H2BC12	3	0.9923	0.0003
EIF4A2	H4C1	3	0.0000	0.7045
MEPCE	H4C1	3	0.0000	0.7045
EIF4A2	HABP4	3	0.0000	0.7045
MEPCE	HABP4	3	0.0000	0.7045
EIF4A2	HACD3	3	0.0000	0.7045
MEPCE	HACD3	3	0.6185	0.0707
EIF4A2	HADHA	3	0.0000	0.7045
MEPCE	HADHA	3	0.0000	0.7045
EIF4A2	HADHB	3	0.0000	0.7045
MEPCE	HADHB	3	0.0000	0.7045
EIF4A2	HAS1	3	0.0000	0.7045
MEPCE	HAS1	3	0.0000	0.7045
EIF4A2	HAUS3	3	0.0000	0.7045
MEPCE	HAUS3	3	0.0005	0.6342
EIF4A2	HAX1	3	0.0000	0.7045
MEPCE	HAX1	3	0.0000	0.7045
EIF4A2	HBA1	3	0.0000	0.7045
MEPCE	HBA1	3	0.0001	0.6759
EIF4A2	HBD	3	0.0000	0.7045
MEPCE	HBD	3	0.0000	0.7045
EIF4A2	HCFC1	3	0.0000	0.7045
MEPCE	HCFC1	3	0.0000	0.7045
EIF4A2	HDAC1	3	0.0000	0.7045
MEPCE	HDAC1	3	0.0000	0.7045
EIF4A2	HDAC2	3	0.0000	0.7045
MEPCE	HDAC2	3	0.0005	0.6342
EIF4A2	HDGFL2	3	0.0000	0.7045
MEPCE	HDGFL2	3	0.0000	0.7045
EIF4A2	HECTD1	3	0.0001	0.6759
MEPCE	HECTD1	3	0.9940	0.0002
EIF4A2	HEXIM1	3	0.0046	0.5506
MEPCE	HEXIM1	3	1.0000	0.0000
EIF4A2	HM13	3	0.0003	0.6480
MEPCE	HM13	3	0.4097	0.1164
EIF4A2	HMGA1	3	0.0000	0.7045
MEPCE	HMGA1	3	0.0000	0.7045
EIF4A2	HMGB1	3	0.0000	0.7045
MEPCE	HMGB1	3	0.0000	0.7045
EIF4A2	HMGB2	3	0.0000	0.7045
MEPCE	HMGB2	3	0.0000	0.7045
EIF4A2	HMGB3	3	0.0000	0.7045
MEPCE	HMGB3	3	0.0000	0.7045
EIF4A2	HMGN1	3	0.0071	0.5281
MEPCE	HMGN1	3	0.0011	0.6121
EIF4A2	HMGN2	3	0.0001	0.6759
MEPCE	HMGN2	3	0.0000	0.7045
EIF4A2	HMGN4	3	0.0019	0.5940
MEPCE	HMGN4	3	0.0004	0.6406
EIF4A2	HNRNPA0	3	0.0098	0.5065
MEPCE	HNRNPA0	3	0.0010	0.6157
EIF4A2	HNRNPA1	3	0.0495	0.4016
MEPCE	HNRNPA1	3	0.0017	0.5988
EIF4A2	HNRNPA1L3	3	0.0058	0.5385
MEPCE	HNRNPA1L3	3	0.0209	0.4666
EIF4A2	HNRNPA2B1	3	1.0000	0.0000
MEPCE	HNRNPA2B1	3	1.0000	0.0000
EIF4A2	HNRNPA3	3	0.9981	0.0000
MEPCE	HNRNPA3	3	1.0000	0.0000
EIF4A2	HNRNPAB	3	1.0000	0.0000
MEPCE	HNRNPAB	3	1.0000	0.0000
EIF4A2	HNRNPC	3	1.0000	0.0000
MEPCE	HNRNPC	3	0.1039	0.3287
EIF4A2	HNRNPD	3	0.0000	0.7045
MEPCE	HNRNPD	3	0.9043	0.0050
EIF4A2	HNRNPF	3	0.4738	0.1012
MEPCE	HNRNPF	3	0.0057	0.5402
EIF4A2	HNRNPH1	3	0.0000	0.7045
MEPCE	HNRNPH1	3	0.0000	0.7045
EIF4A2	HNRNPK	3	0.0000	0.7045
MEPCE	HNRNPK	3	0.0000	0.7045
EIF4A2	HNRNPL	3	1.0000	0.0000
MEPCE	HNRNPL	3	0.9967	0.0001
EIF4A2	HNRNPM	3	0.0000	0.7045
MEPCE	HNRNPM	3	0.0163	0.4824
EIF4A2	HNRNPR	3	0.0004	0.6406
MEPCE	HNRNPR	3	0.0405	0.4232
EIF4A2	HNRNPU	3	0.0001	0.6759
MEPCE	HNRNPU	3	1.0000	0.0000
EIF4A2	HNRNPUL1	3	0.0357	0.4332
MEPCE	HNRNPUL1	3	0.9993	0.0000
EIF4A2	HOMER2	3	0.0003	0.6480
MEPCE	HOMER2	3	0.0085	0.5148
EIF4A2	HOOK1	3	0.0000	0.7045
MEPCE	HOOK1	3	0.0000	0.7045
EIF4A2	HP	3	0.0014	0.6047
MEPCE	HP	3	0.0000	0.7045
EIF4A2	HPX	3	0.0000	0.7045
MEPCE	HPX	3	0.6544	0.0568
EIF4A2	HSD17B10	3	0.0000	0.7045
MEPCE	HSD17B10	3	0.0000	0.7045
EIF4A2	HSD17B12	3	0.0000	0.7045
MEPCE	HSD17B12	3	0.0000	0.7045
EIF4A2	HSD17B4	3	0.0000	0.7045
MEPCE	HSD17B4	3	0.0000	0.7045
EIF4A2	HSP90AA1	3	0.0000	0.7045
MEPCE	HSP90AA1	3	0.0000	0.7045
EIF4A2	HSP90AA4P	3	0.0644	0.3738
MEPCE	HSP90AA4P	3	0.1482	0.3033
EIF4A2	HSP90AB1	3	0.0000	0.7045
MEPCE	HSP90AB1	3	0.0000	0.7045
EIF4A2	HSP90AB2P	3	0.0000	0.7045
EIF4A2	HSP90AB4P	3	0.0000	0.7045
MEPCE	HSP90AB4P	3	0.0000	0.7045
EIF4A2	HSP90B1	3	0.0000	0.7045
MEPCE	HSP90B1	3	0.0000	0.7045
EIF4A2	HSPA1A	3	0.0000	0.7045
MEPCE	HSPA1A	3	0.0000	0.7045
EIF4A2	HSPA1L	3	1.0000	0.0000
MEPCE	HSPA1L	3	0.3333	0.1871
EIF4A2	HSPA2	3	0.0229	0.4584
MEPCE	HSPA2	3	0.0468	0.4078
EIF4A2	HSPA4	3	0.0000	0.7045
MEPCE	HSPA4	3	0.0000	0.7045
EIF4A2	HSPA4L	3	0.0000	0.7045
MEPCE	HSPA4L	3	0.0003	0.6480
EIF4A2	HSPA5	3	0.0000	0.7045
MEPCE	HSPA5	3	0.0000	0.7045
EIF4A2	HSPA6	3	0.0000	0.7045
MEPCE	HSPA6	3	0.0000	0.7045
EIF4A2	HSPA8	3	0.0000	0.7045
MEPCE	HSPA8	3	0.0000	0.7045
EIF4A2	HSPA9	3	0.0000	0.7045
MEPCE	HSPA9	3	0.0001	0.6759
EIF4A2	HSPBP1	3	0.0000	0.7045
MEPCE	HSPBP1	3	0.0000	0.7045
EIF4A2	HSPD1	3	0.0000	0.7045
MEPCE	HSPD1	3	0.0000	0.7045
EIF4A2	HSPH1	3	0.0000	0.7045
MEPCE	HSPH1	3	0.3334	0.1836
EIF4A2	HTATSF1	3	0.0000	0.7045
MEPCE	HTATSF1	3	0.0000	0.7045
EIF4A2	HUWE1	3	0.6668	0.0430
MEPCE	HUWE1	3	0.3047	0.2319
MEPCE	HYOU1	3	0.0000	0.7045
EIF4A2	IARS1	3	0.0117	0.5020
MEPCE	IARS1	3	0.0497	0.4007
EIF4A2	IBA57	3	0.2726	0.2544
MEPCE	IBA57	3	0.0132	0.4947
EIF4A2	IBTK	3	0.5218	0.0879
MEPCE	IBTK	3	0.0181	0.4782
EIF4A2	IFRD1	3	0.9981	0.0000
MEPCE	IFRD1	3	0.0012	0.6085
EIF4A2	IGF2BP1	3	1.0000	0.0000
MEPCE	IGF2BP1	3	0.9804	0.0007
EIF4A2	IGF2BP3	3	1.0000	0.0000
MEPCE	IGF2BP3	3	0.9959	0.0001
EIF4A2	IGHG2	3	0.0000	0.7045
MEPCE	IGHG2	3	0.0000	0.7045
EIF4A2	IGKV2-30	3	0.0000	0.7045
MEPCE	IGKV2-30	3	0.0000	0.7045
EIF4A2	IGKV2D-29	3	0.0000	0.7045
MEPCE	IGKV2D-29	3	0.0000	0.7045
EIF4A2	IKBKB	3	0.0000	0.7045
MEPCE	IKBKB	3	0.0002	0.6584
EIF4A2	IKBKG	3	0.0000	0.7045
MEPCE	IKBKG	3	0.3405	0.1597
EIF4A2	ILF2	3	0.3146	0.2257
MEPCE	ILF2	3	1.0000	0.0000
EIF4A2	ILF3	3	0.0001	0.6759
MEPCE	ILF3	3	1.0000	0.0000
EIF4A2	ILVBL	3	0.0000	0.7045
MEPCE	ILVBL	3	0.0000	0.7045
EIF4A2	IMPDH2	3	0.0000	0.7045
MEPCE	IMPDH2	3	0.0000	0.7045
EIF4A2	I0	3	0.3370	0.1649
MEPCE	I0	3	0.0001	0.6759
EIF4A2	IPO5	3	0.0508	0.3989
MEPCE	IPO5	3	0.0220	0.4599
EIF4A2	IPO7	3	0.0494	0.4025
MEPCE	IPO7	3	0.0403	0.4241
EIF4A2	IPO8	3	0.0108	0.5040
MEPCE	IPO8	3	0.2781	0.2504
EIF4A2	IPO9	3	0.0000	0.7045
MEPCE	IPO9	3	0.0000	0.7045
EIF4A2	IQGAP1	3	0.0000	0.7045
MEPCE	IQGAP1	3	0.0006	0.6309
EIF4A2	IRAK1	3	0.0000	0.7045
MEPCE	IRAK1	3	0.0000	0.7045
EIF4A2	IRS4	3	0.0020	0.5922
MEPCE	IRS4	3	0.9727	0.0011
EIF4A2	ITGB1	3	0.0000	0.7045
MEPCE	ITGB1	3	0.0004	0.6406
EIF4A2	IVNS1ABP	3	0.0000	0.7045
MEPCE	IVNS1ABP	3	0.0000	0.7045
EIF4A2	JPT2	3	0.0000	0.7045
MEPCE	JPT2	3	0.0001	0.6759
EIF4A2	KARS1	3	0.0000	0.7045
MEPCE	KARS1	3	0.0134	0.4927
EIF4A2	KDELR2	3	0.0027	0.5803
MEPCE	KDELR2	3	0.0053	0.5430
EIF4A2	KDM1A	3	0.0000	0.7045
MEPCE	KDM1A	3	0.0308	0.4420
EIF4A2	KHDRBS1	3	0.0001	0.6759
MEPCE	KHDRBS1	3	0.3050	0.2309
EIF4A2	KHDRBS3	3	0.2733	0.2534
MEPCE	KHDRBS3	3	0.0000	0.7045
EIF4A2	KHSRP	3	0.0000	0.7045
MEPCE	KHSRP	3	0.0000	0.7045
EIF4A2	KIF11	3	0.0000	0.7045
MEPCE	KIF11	3	0.0000	0.7045
EIF4A2	KIF5B	3	0.3333	0.1871
MEPCE	KIF5B	3	0.0000	0.7045
EIF4A2	KIF7	3	0.0000	0.7045
MEPCE	KIF7	3	0.0000	0.7045
EIF4A2	KIN	3	0.3289	0.2108
MEPCE	KIN	3	0.3333	0.1871
EIF4A2	KLC1	3	0.0000	0.7045
MEPCE	KLC1	3	0.0000	0.7045
EIF4A2	KLC2	3	0.0000	0.7045
MEPCE	KLC2	3	0.0000	0.7045
EIF4A2	KLC4	3	0.0000	0.7045
MEPCE	KLC4	3	0.0002	0.6584
EIF4A2	KNOP1	3	0.0000	0.7045
MEPCE	KNOP1	3	0.3383	0.1623
EIF4A2	KP02	3	0.0070	0.5299
MEPCE	KP02	3	1.0000	0.0000
EIF4A2	KP03	3	0.0135	0.4914
MEPCE	KP03	3	1.0000	0.0000
EIF4A2	KP04	3	0.0048	0.5496
MEPCE	KP04	3	1.0000	0.0000
EIF4A2	KP06	3	0.0000	0.7045
MEPCE	KP06	3	0.0026	0.5822
EIF4A2	KPNB1	3	0.0026	0.5822
MEPCE	KPNB1	3	1.0000	0.0000
EIF4A2	KRR1	3	0.0000	0.7045
MEPCE	KRR1	3	0.0482	0.4051
EIF4A2	KRT1	3	0.0000	0.7045
MEPCE	KRT1	3	0.0000	0.7045
EIF4A2	KRT10	3	0.0000	0.7045
MEPCE	KRT10	3	0.0000	0.7045
EIF4A2	KRT14	3	0.0084	0.5160
MEPCE	KRT14	3	0.0576	0.3870
EIF4A2	KRT18	3	0.0000	0.7045
MEPCE	KRT18	3	0.1037	0.3298
EIF4A2	KRT19	3	0.0550	0.3898
MEPCE	KRT19	3	0.1006	0.3329
EIF4A2	KRT2	3	0.0000	0.7045
MEPCE	KRT2	3	0.0000	0.7045
EIF4A2	KRT38	3	0.0000	0.7045
MEPCE	KRT38	3	1.0000	0.0000
EIF4A2	KRT5	3	0.0001	0.6759
MEPCE	KRT5	3	0.0015	0.6018
EIF4A2	KRT6A	3	0.0019	0.5940
MEPCE	KRT6A	3	0.9993	0.0000
EIF4A2	KRT78	3	0.3333	0.1871
EIF4A2	KRT8	3	0.0025	0.5845
MEPCE	KRT8	3	0.0711	0.3660
EIF4A2	KRT9	3	0.0000	0.7045
MEPCE	KRT9	3	0.0000	0.7045
EIF4A2	LAMP1	3	0.0007	0.6261
MEPCE	LAMP1	3	0.7594	0.0172
EIF4A2	LARP1	3	0.9999	0.0000
MEPCE	LARP1	3	0.9719	0.0012
EIF4A2	LARP1B	3	0.0000	0.7045
MEPCE	LARP1B	3	0.0158	0.4838
EIF4A2	LARP7	3	0.0027	0.5803
MEPCE	LARP7	3	1.0000	0.0000
EIF4A2	LARS1	3	0.1205	0.3203
MEPCE	LARS1	3	0.9468	0.0032
EIF4A2	LBR	3	0.0024	0.5859
MEPCE	LBR	3	1.0000	0.0000
EIF4A2	LCP1	3	0.3333	0.1871
MEPCE	LCP1	3	0.6667	0.0451
EIF4A2	LDHA	3	0.0000	0.7045
MEPCE	LDHA	3	0.0000	0.7045
EIF4A2	LDHB	3	0.0000	0.7045
MEPCE	LDHB	3	0.0000	0.7045
EIF4A2	LIMA1	3	0.0000	0.7045
MEPCE	LIMA1	3	0.0046	0.5506
EIF4A2	LIMD2	3	0.0044	0.5539
MEPCE	LIMD2	3	0.1397	0.3054
EIF4A2	LLGL1	3	0.0024	0.5859
MEPCE	LLGL1	3	0.0301	0.4436
EIF4A2	LMAN1	3	0.0000	0.7045
MEPCE	LMAN1	3	0.0002	0.6584
EIF4A2	LONP1	3	0.0000	0.7045
MEPCE	LONP1	3	0.0000	0.7045
EIF4A2	LRBA	3	0.0000	0.7045
MEPCE	LRBA	3	0.0000	0.7045
EIF4A2	LRCH2	3	0.0000	0.7045
MEPCE	LRCH2	3	0.0000	0.7045
EIF4A2	LRPAP1	3	0.0000	0.7045
MEPCE	LRPAP1	3	0.0002	0.6584
EIF4A2	LRPPRC	3	0.0000	0.7045
MEPCE	LRPPRC	3	0.3760	0.1273
EIF4A2	LRRC47	3	0.0040	0.5581
MEPCE	LRRC47	3	1.0000	0.0000
EIF4A2	LRRC59	3	0.0000	0.7045
MEPCE	LRRC59	3	0.0000	0.7045
EIF4A2	LSM12	3	0.3038	0.2330
MEPCE	LSM12	3	0.0910	0.3452
EIF4A2	LSM14A	3	0.0203	0.4710
MEPCE	LSM14A	3	0.0000	0.7045
EIF4A2	LSM14B	3	0.3972	0.1205
MEPCE	LSM14B	3	0.4057	0.1178
EIF4A2	LSM2	3	0.0069	0.5305
MEPCE	LSM2	3	1.0000	0.0000
EIF4A2	LSM3	3	0.0048	0.5496
MEPCE	LSM3	3	1.0000	0.0000
EIF4A2	LSM4	3	0.0003	0.6480
MEPCE	LSM4	3	1.0000	0.0000
EIF4A2	LSM5	3	0.0068	0.5310
MEPCE	LSM5	3	1.0000	0.0000
EIF4A2	LSM6	3	0.0040	0.5581
MEPCE	LSM6	3	1.0000	0.0000
EIF4A2	LSM7	3	0.0062	0.5362
MEPCE	LSM7	3	1.0000	0.0000
EIF4A2	LSM8	3	0.0038	0.5606
MEPCE	LSM8	3	1.0000	0.0000
EIF4A2	LTBP1	3	0.0278	0.4475
MEPCE	LTBP1	3	0.0917	0.3442
EIF4A2	LTN1	3	0.0000	0.7045
MEPCE	LTN1	3	0.0001	0.6759
EIF4A2	LTV1	3	1.0000	0.0000
MEPCE	LTV1	3	0.0006	0.6309
EIF4A2	LUC7L	3	0.0000	0.7045
MEPCE	LUC7L	3	0.0001	0.6759
EIF4A2	LUC7L2	3	0.0000	0.7045
MEPCE	LUC7L2	3	0.0000	0.7045
EIF4A2	LUC7L3	3	0.0000	0.7045
MEPCE	LUC7L3	3	0.6136	0.0737
EIF4A2	MAGED2	3	0.0000	0.7045
MEPCE	MAGED2	3	0.0002	0.6584
EIF4A2	MANF	3	0.0000	0.7045
MEPCE	MANF	3	0.0000	0.7045
EIF4A2	MAP1B	3	0.0001	0.6759
MEPCE	MAP1B	3	0.0016	0.5997
EIF4A2	MAP1LC3B2	3	0.3317	0.2065
MEPCE	MAP1LC3B2	3	0.0000	0.7045
EIF4A2	MAP4	3	0.0000	0.7045
MEPCE	MAP4	3	0.0000	0.7045
EIF4A2	MAP7	3	0.0000	0.7045
MEPCE	MAP7	3	0.0000	0.7045
EIF4A2	MAP7D2	3	0.0000	0.7045
MEPCE	MAP7D2	3	0.0001	0.6759
EIF4A2	MAP7D3	3	0.0015	0.6018
MEPCE	MAP7D3	3	0.5172	0.0891
EIF4A2	MARCKS	3	0.0000	0.7045
MEPCE	MARCKS	3	0.0015	0.6018
EIF4A2	MARS1	3	0.0000	0.7045
MEPCE	MARS1	3	0.0001	0.6759
EIF4A2	MAT2A	3	0.0000	0.7045
MEPCE	MAT2A	3	0.0000	0.7045
EIF4A2	MATR3	3	0.0134	0.4927
MEPCE	MATR3	3	0.0000	0.7045
EIF4A2	MAZ	3	0.0000	0.7045
MEPCE	MAZ	3	0.9872	0.0005
EIF4A2	MBD3	3	0.0000	0.7045
MEPCE	MBD3	3	0.0002	0.6584
EIF4A2	MCCC1	3	0.0000	0.7045
MEPCE	MCCC1	3	0.0000	0.7045
EIF4A2	MCM2	3	0.0000	0.7045
MEPCE	MCM2	3	0.0000	0.7045
EIF4A2	MCM3	3	0.0000	0.7045
MEPCE	MCM3	3	0.0011	0.6121
EIF4A2	MCM4	3	0.0000	0.7045
MEPCE	MCM4	3	0.0000	0.7045
EIF4A2	MCM5	3	0.0000	0.7045
MEPCE	MCM5	3	0.0053	0.5430
EIF4A2	MCM6	3	0.0000	0.7045
MEPCE	MCM6	3	0.7978	0.0142
EIF4A2	MCM7	3	0.0000	0.7045
MEPCE	MCM7	3	0.0004	0.6406
EIF4A2	MCTS1	3	0.0000	0.7045
MEPCE	MCTS1	3	0.0000	0.7045
EIF4A2	MDH2	3	0.0000	0.7045
MEPCE	MDH2	3	0.0000	0.7045
EIF4A2	MED1	3	0.0004	0.6406
MEPCE	MED1	3	0.0009	0.6193
EIF4A2	MEPCE	3	0.0018	0.5962
MEPCE	MEPCE	3	1.0000	0.0000
EIF4A2	METTL16	3	0.3338	0.1787
MEPCE	METTL16	3	1.0000	0.0000
EIF4A2	MFAP1	3	0.0000	0.7045
MEPCE	MFAP1	3	0.0000	0.7045
EIF4A2	MLF2	3	0.0000	0.7045
MEPCE	MLF2	3	0.0001	0.6759
EIF4A2	MLLT11	3	0.0004	0.6406
MEPCE	MLLT11	3	0.0002	0.6584
EIF4A2	MMS19	3	0.0052	0.5447
MEPCE	MMS19	3	0.0000	0.7045
EIF4A2	MMTAG2	3	0.0000	0.7045
MEPCE	MMTAG2	3	0.0009	0.6193
EIF4A2	MOB1A	3	0.0000	0.7045
MEPCE	MOB1A	3	0.0000	0.7045
EIF4A2	MOGS	3	0.0000	0.7045
MEPCE	MOGS	3	0.2847	0.2453
EIF4A2	MON2	3	0.0000	0.7045
MEPCE	MON2	3	0.0000	0.7045
EIF4A2	MORF4L2	3	0.0000	0.7045
MEPCE	MORF4L2	3	0.0350	0.4364
EIF4A2	MOV10	3	0.9998	0.0000
MEPCE	MOV10	3	1.0000	0.0000
EIF4A2	MPLKIP	3	0.0000	0.7045
MEPCE	MPLKIP	3	0.0000	0.7045
EIF4A2	MRE11	3	0.0000	0.7045
MEPCE	MRE11	3	0.0000	0.7045
EIF4A2	MRPL14	3	0.0000	0.7045
MEPCE	MRPL14	3	0.0000	0.7045
EIF4A2	MRPL34	3	0.2323	0.2697
MEPCE	MRPL34	3	0.0361	0.4315
EIF4A2	MRPL54	3	0.0000	0.7045
MEPCE	MRPL54	3	0.0018	0.5962
EIF4A2	MRPL57	3	0.0010	0.6157
MEPCE	MRPL57	3	0.0245	0.4530
EIF4A2	MRPL58	3	0.0000	0.7045
MEPCE	MRPL58	3	0.0000	0.7045
EIF4A2	MRPS12	3	0.0000	0.7045
MEPCE	MRPS12	3	0.0849	0.3553
MEPCE	MRPS14	3	0.3677	0.1355
EIF4A2	MRPS17	3	0.0000	0.7045
MEPCE	MRPS17	3	0.2781	0.2504
EIF4A2	MRPS23	3	0.0002	0.6584
MEPCE	MRPS23	3	0.0819	0.3602
EIF4A2	MRPS26	3	0.0000	0.7045
MEPCE	MRPS26	3	0.0243	0.4545
EIF4A2	MRPS27	3	0.0033	0.5712
MEPCE	MRPS27	3	0.7887	0.0156
EIF4A2	MRPS28	3	0.0025	0.5845
MEPCE	MRPS28	3	0.0590	0.3842
EIF4A2	MRPS31	3	0.0000	0.7045
MEPCE	MRPS31	3	0.6818	0.0315
EIF4A2	MRPS34	3	0.0008	0.6216
MEPCE	MRPS34	3	0.9993	0.0000
EIF4A2	MRPS7	3	0.0000	0.7045
MEPCE	MRPS7	3	0.0018	0.5962
EIF4A2	MRRF	3	0.0000	0.7045
MEPCE	MRRF	3	0.0000	0.7045
EIF4A2	MRTO4	3	0.0000	0.7045
MEPCE	MRTO4	3	0.0000	0.7045
EIF4A2	MSRB3	3	0.0000	0.7045
MEPCE	MSRB3	3	0.0000	0.7045
EIF4A2	MTA2	3	0.0000	0.7045
MEPCE	MTA2	3	0.0002	0.6584
EIF4A2	MTDH	3	0.0007	0.6261
MEPCE	MTDH	3	0.3289	0.2108
EIF4A2	MTHFD1	3	0.0000	0.7045
MEPCE	MTHFD1	3	0.0000	0.7045
EIF4A2	MTHFD1L	3	0.0002	0.6584
MEPCE	MTHFD1L	3	0.0000	0.7045
EIF4A2	MTREX	3	0.3358	0.1687
MEPCE	MTREX	3	1.0000	0.0000
EIF4A2	MTRFR	3	0.0000	0.7045
MEPCE	MTRFR	3	0.0001	0.6759
EIF4A2	MYCBP	3	0.0000	0.7045
MEPCE	MYCBP	3	0.0000	0.7045
EIF4A2	MYH10	3	0.0000	0.7045
MEPCE	MYH10	3	0.0037	0.5612
EIF4A2	MYH14	3	0.0000	0.7045
MEPCE	MYH14	3	0.0000	0.7045
EIF4A2	MYH9	3	0.0000	0.7045
MEPCE	MYH9	3	0.0000	0.7045
EIF4A2	MYL12B	3	0.0000	0.7045
MEPCE	MYL12B	3	0.0000	0.7045
EIF4A2	MYL6	3	0.0000	0.7045
MEPCE	MYL6	3	0.0000	0.7045
EIF4A2	MYL6B	3	0.0208	0.4681
MEPCE	MYL6B	3	0.0003	0.6480
EIF4A2	MYO1B	3	0.0000	0.7045
MEPCE	MYO1B	3	0.9394	0.0038
EIF4A2	MYO1C	3	0.0000	0.7045
MEPCE	MYO1C	3	0.0000	0.7045
EIF4A2	MYO1D	3	0.0493	0.4043
MEPCE	MYO1D	3	0.1594	0.2969
EIF4A2	0CA	3	0.0000	0.7045
MEPCE	0CA	3	0.0000	0.7045
EIF4A2	0CA2	3	0.0000	0.7045
MEPCE	0CA2	3	0.0000	0.7045
EIF4A2	0CA4P	3	0.3333	0.1871
EIF4A2	0F1	3	0.0050	0.5479
MEPCE	0F1	3	0.0128	0.4967
EIF4A2	0P1L1	3	0.0000	0.7045
MEPCE	0P1L1	3	0.0000	0.7045
EIF4A2	0P1L4	3	0.6189	0.0697
MEPCE	0P1L4	3	0.0214	0.4629
EIF4A2	0RS1	3	0.0000	0.7045
MEPCE	0RS1	3	0.0000	0.7045
EIF4A2	0SP	3	0.0000	0.7045
MEPCE	0SP	3	0.0000	0.7045
EIF4A2	0T10	3	0.3337	0.1799
MEPCE	0T10	3	0.0000	0.7045
EIF4A2	NBN	3	0.3237	0.2172
MEPCE	NBN	3	0.0000	0.7045
EIF4A2	NCAPD2	3	0.0000	0.7045
MEPCE	NCAPD2	3	0.0000	0.7045
EIF4A2	NCAPD3	3	0.0001	0.6759
MEPCE	NCAPD3	3	0.0021	0.5904
EIF4A2	NCAPG	3	0.0000	0.7045
MEPCE	NCAPG	3	0.0000	0.7045
EIF4A2	NCAPG2	3	0.0000	0.7045
MEPCE	NCAPG2	3	0.0000	0.7045
EIF4A2	NCAPH	3	0.0000	0.7045
MEPCE	NCAPH	3	0.0000	0.7045
EIF4A2	NCBP1	3	0.6369	0.0627
MEPCE	NCBP1	3	1.0000	0.0000
EIF4A2	NCKAP1	3	0.0000	0.7045
MEPCE	NCKAP1	3	0.0000	0.7045
EIF4A2	NCL	3	0.0000	0.7045
MEPCE	NCL	3	0.0000	0.7045
EIF4A2	NDEL1	3	0.0000	0.7045
MEPCE	NDEL1	3	0.0000	0.7045
EIF4A2	NDUFS7	3	0.0011	0.6121
MEPCE	NDUFS7	3	0.0005	0.6342
EIF4A2	NEK9	3	0.0000	0.7045
MEPCE	NEK9	3	0.0003	0.6480
EIF4A2	NFATC2IP	3	0.0000	0.7045
MEPCE	NFATC2IP	3	0.0000	0.7045
EIF4A2	NFU1	3	1.0000	0.0000
MEPCE	NFU1	3	1.0000	0.0000
EIF4A2	NHP2	3	0.0000	0.7045
MEPCE	NHP2	3	0.0000	0.7045
EIF4A2	NIPS0P1	3	0.0000	0.7045
MEPCE	NIPS0P1	3	0.0000	0.7045
EIF4A2	NKAP	3	0.9997	0.0000
MEPCE	NKAP	3	0.0000	0.7045
EIF4A2	NKRF	3	0.0004	0.6406
MEPCE	NKRF	3	0.9102	0.0046
EIF4A2	NME1	3	0.0000	0.7045
MEPCE	NME1	3	0.0000	0.7045
EIF4A2	NOB1	3	0.0000	0.7045
MEPCE	NOB1	3	0.0000	0.7045
EIF4A2	NOC2L	3	0.0002	0.6584
MEPCE	NOC2L	3	0.0463	0.4121
EIF4A2	NOC4L	3	0.0000	0.7045
MEPCE	NOC4L	3	0.0564	0.3889
EIF4A2	NOLC1	3	0.0000	0.7045
MEPCE	NOLC1	3	0.0000	0.7045
EIF4A2	NONO	3	0.0001	0.6759
MEPCE	NONO	3	0.0000	0.7045
EIF4A2	NOP14	3	0.2471	0.2656
MEPCE	NOP14	3	0.7298	0.0181
EIF4A2	NOP2	3	0.0000	0.7045
MEPCE	NOP2	3	0.0000	0.7045
EIF4A2	NPM1	3	0.6401	0.0597
MEPCE	NPM1	3	0.7244	0.0200
EIF4A2	NRBP1	3	0.0000	0.7045
MEPCE	NRBP1	3	0.0000	0.7045
EIF4A2	NSA2	3	0.0159	0.4831
MEPCE	NSA2	3	0.0648	0.3719
EIF4A2	NSRP1	3	0.0000	0.7045
MEPCE	NSRP1	3	0.0001	0.6759
EIF4A2	NT5DC2	3	0.0001	0.6759
MEPCE	NT5DC2	3	0.0127	0.4981
EIF4A2	NTPCR	3	0.0000	0.7045
MEPCE	NTPCR	3	0.0000	0.7045
EIF4A2	NUCKS1	3	0.0000	0.7045
MEPCE	NUCKS1	3	0.0000	0.7045
EIF4A2	NUDC	3	0.0000	0.7045
MEPCE	NUDC	3	0.0000	0.7045
EIF4A2	NUDT21	3	0.0000	0.7045
MEPCE	NUDT21	3	0.0000	0.7045
EIF4A2	NUFIP2	3	1.0000	0.0000
MEPCE	NUFIP2	3	0.0593	0.3833
EIF4A2	NUMB	3	0.0001	0.6759
MEPCE	NUMB	3	0.0001	0.6759
EIF4A2	NUP107	3	0.1028	0.3308
MEPCE	NUP107	3	0.0833	0.3582
EIF4A2	NUP133	3	0.0000	0.7045
MEPCE	NUP133	3	0.0002	0.6584
EIF4A2	NUP153	3	0.3343	0.1725
MEPCE	NUP153	3	1.0000	0.0000
EIF4A2	NUP160	3	0.0000	0.7045
MEPCE	NUP160	3	0.0000	0.7045
EIF4A2	NUP205	3	0.0000	0.7045
MEPCE	NUP205	3	0.0000	0.7045
EIF4A2	NUP43	3	0.0000	0.7045
MEPCE	NUP43	3	0.0000	0.7045
EIF4A2	NUP50	3	0.0000	0.7045
MEPCE	NUP50	3	0.5122	0.0903
EIF4A2	NUP88	3	0.3326	0.2032
MEPCE	NUP88	3	0.0000	0.7045
EIF4A2	OAT	3	0.0001	0.6759
MEPCE	OAT	3	0.0019	0.5940
EIF4A2	OBSL1	3	0.1070	0.3277
MEPCE	OBSL1	3	0.1270	0.3139
EIF4A2	OGT	3	0.0000	0.7045
MEPCE	OGT	3	0.3336	0.1812
EIF4A2	OLA1	3	0.0215	0.4614
MEPCE	OLA1	3	0.0002	0.6584
EIF4A2	ORC4	3	0.0005	0.6342
MEPCE	ORC4	3	0.0518	0.3971
EIF4A2	ORC6	3	0.0000	0.7045
MEPCE	ORC6	3	0.0000	0.7045
EIF4A2	OTUD4	3	0.0000	0.7045
MEPCE	OTUD4	3	0.0000	0.7045
EIF4A2	P4HA1	3	0.0000	0.7045
MEPCE	P4HA1	3	0.0419	0.4207
EIF4A2	P4HB	3	0.0000	0.7045
MEPCE	P4HB	3	0.0000	0.7045
EIF4A2	PA2G4	3	0.0831	0.3592
MEPCE	PA2G4	3	0.0098	0.5065
EIF4A2	PAAF1	3	0.8454	0.0095
MEPCE	PAAF1	3	0.0000	0.7045
EIF4A2	PABPC1	3	0.4543	0.1062
MEPCE	PABPC1	3	0.0841	0.3563
EIF4A2	PABPC3	3	0.9753	0.0009
MEPCE	PABPC3	3	0.0896	0.3473
EIF4A2	PABPC4	3	1.0000	0.0000
MEPCE	PABPC4	3	0.9719	0.0012
EIF4A2	PAICS	3	0.0000	0.7045
MEPCE	PAICS	3	0.0000	0.7045
EIF4A2	PAK4	3	0.0000	0.7045
MEPCE	PAK4	3	0.0000	0.7045
EIF4A2	PARP1	3	0.0000	0.7045
MEPCE	PARP1	3	0.3260	0.2140
EIF4A2	PAXBP1	3	0.0000	0.7045
MEPCE	PAXBP1	3	0.0011	0.6121
EIF4A2	PBDC1	3	0.0000	0.7045
MEPCE	PBDC1	3	0.0000	0.7045
EIF4A2	PCBP1	3	0.0000	0.7045
MEPCE	PCBP1	3	0.0000	0.7045
EIF4A2	PCBP2	3	0.1853	0.2853
MEPCE	PCBP2	3	0.0028	0.5794
EIF4A2	PCLAF	3	0.3343	0.1725
MEPCE	PCLAF	3	0.0066	0.5334
EIF4A2	PC0	3	0.0000	0.7045
MEPCE	PC0	3	0.0000	0.7045
EIF4A2	PCNP	3	0.0000	0.7045
MEPCE	PCNP	3	0.0000	0.7045
EIF4A2	PDAP1	3	0.0000	0.7045
MEPCE	PDAP1	3	0.0000	0.7045
EIF4A2	PDCD4	3	1.0000	0.0000
MEPCE	PDCD4	3	0.0176	0.4803
EIF4A2	PDCD5	3	0.3334	0.1836
MEPCE	PDCD5	3	0.0139	0.4900
EIF4A2	PDCD6	3	0.0000	0.7045
MEPCE	PDCD6	3	0.0000	0.7045
EIF4A2	PDIA3	3	0.0000	0.7045
MEPCE	PDIA3	3	0.0000	0.7045
EIF4A2	PDIA4	3	0.0000	0.7045
MEPCE	PDIA4	3	0.0000	0.7045
EIF4A2	PDIA6	3	0.0000	0.7045
MEPCE	PDIA6	3	0.0000	0.7045
EIF4A2	PES1	3	0.0002	0.6584
MEPCE	PES1	3	0.6621	0.0519
EIF4A2	PFDN2	3	0.0000	0.7045
MEPCE	PFDN2	3	0.0000	0.7045
EIF4A2	PFKM	3	0.0000	0.7045
MEPCE	PFKM	3	0.0003	0.6480
EIF4A2	PFKP	3	0.0000	0.7045
MEPCE	PFKP	3	0.0000	0.7045
EIF4A2	PFN1	3	0.0000	0.7045
MEPCE	PFN1	3	0.0000	0.7045
EIF4A2	PGD	3	0.0000	0.7045
MEPCE	PGD	3	0.0000	0.7045
EIF4A2	PGK1	3	0.0000	0.7045
MEPCE	PGK1	3	0.0000	0.7045
EIF4A2	PHF10	3	0.0001	0.6759
MEPCE	PHF10	3	1.0000	0.0000
EIF4A2	PHF3	3	0.1926	0.2810
MEPCE	PHF3	3	0.1725	0.2948
EIF4A2	PHF5A	3	0.0000	0.7045
MEPCE	PHF5A	3	0.0000	0.7045
EIF4A2	PHF6	3	0.0000	0.7045
MEPCE	PHF6	3	0.3710	0.1328
EIF4A2	PHF8	3	0.0001	0.6759
MEPCE	PHF8	3	0.0001	0.6759
EIF4A2	PHGDH	3	0.0000	0.7045
MEPCE	PHGDH	3	0.0000	0.7045
EIF4A2	PI4KA	3	0.0000	0.7045
MEPCE	PI4KA	3	0.0000	0.7045
EIF4A2	PIN4	3	0.0000	0.7045
MEPCE	PIN4	3	0.0000	0.7045
EIF4A2	PINX1	3	0.0000	0.7045
MEPCE	PINX1	3	0.1490	0.3022
EIF4A2	PIP5K1A	3	0.0000	0.7045
MEPCE	PIP5K1A	3	0.0000	0.7045
EIF4A2	PKM	3	0.0000	0.7045
MEPCE	PKM	3	0.0000	0.7045
EIF4A2	PKP2	3	0.1072	0.3266
MEPCE	PKP2	3	0.0307	0.4428
EIF4A2	PLD3	3	0.0000	0.7045
MEPCE	PLD3	3	0.0000	0.7045
EIF4A2	PMAIP1	3	0.0413	0.4215
MEPCE	PMAIP1	3	1.0000	0.0000
EIF4A2	PMPCA	3	0.2040	0.2789
MEPCE	PMPCA	3	0.0096	0.5091
EIF4A2	PNISR	3	0.0000	0.7045
MEPCE	PNISR	3	0.0000	0.7045
EIF4A2	PNN	3	0.0000	0.7045
MEPCE	PNN	3	0.0000	0.7045
EIF4A2	PNO1	3	0.0014	0.6047
MEPCE	PNO1	3	0.3247	0.2162
EIF4A2	POLDIP2	3	0.0010	0.6157
MEPCE	POLDIP2	3	1.0000	0.0000
EIF4A2	POLDIP3	3	0.0000	0.7045
MEPCE	POLDIP3	3	0.0463	0.4121
EIF4A2	POLR1C	3	0.0002	0.6584
MEPCE	POLR1C	3	0.0016	0.5997
EIF4A2	POLR2B	3	0.0000	0.7045
MEPCE	POLR2B	3	0.0000	0.7045
EIF4A2	POLR2E	3	0.0000	0.7045
MEPCE	POLR2E	3	0.0000	0.7045
EIF4A2	POLR2H	3	0.0000	0.7045
MEPCE	POLR2H	3	0.0002	0.6584
EIF4A2	POLR2L	3	0.0000	0.7045
MEPCE	POLR2L	3	0.0000	0.7045
EIF4A2	POLR3A	3	0.0000	0.7045
MEPCE	POLR3A	3	0.0012	0.6085
EIF4A2	POLR3B	3	0.0000	0.7045
MEPCE	POLR3B	3	0.0000	0.7045
EIF4A2	POLR3C	3	0.0000	0.7045
MEPCE	POLR3C	3	0.0000	0.7045
EIF4A2	POLR3D	3	0.0000	0.7045
MEPCE	POLR3D	3	0.0000	0.7045
EIF4A2	POLR3F	3	0.6197	0.0687
MEPCE	POLR3F	3	0.0242	0.4553
EIF4A2	POTEI	3	0.0000	0.7045
EIF4A2	PPA1	3	0.0000	0.7045
MEPCE	PPA1	3	0.0000	0.7045
EIF4A2	PPIA	3	0.0000	0.7045
MEPCE	PPIA	3	0.0000	0.7045
EIF4A2	PPIB	3	0.0000	0.7045
MEPCE	PPIB	3	0.0000	0.7045
MEPCE	PPIC	3	0.0000	0.7045
EIF4A2	PPIG	3	0.0000	0.7045
MEPCE	PPIG	3	0.0002	0.6584
EIF4A2	PPIH	3	0.6667	0.0451
MEPCE	PPIH	3	1.0000	0.0000
EIF4A2	PPIL3	3	0.0000	0.7045
MEPCE	PPIL3	3	0.0000	0.7045
EIF4A2	PPIL4	3	0.0001	0.6759
MEPCE	PPIL4	3	0.0000	0.7045
EIF4A2	PPM1A	3	0.0000	0.7045
MEPCE	PPM1A	3	0.0000	0.7045
EIF4A2	PPM1B	3	0.0000	0.7045
MEPCE	PPM1B	3	0.0000	0.7045
EIF4A2	PPP1CA	3	0.0000	0.7045
MEPCE	PPP1CA	3	0.0009	0.6193
EIF4A2	PPP1CB	3	0.0408	0.4224
MEPCE	PPP1CB	3	0.0694	0.3690
EIF4A2	PPP1R10	3	0.0589	0.3852
MEPCE	PPP1R10	3	0.2337	0.2687
EIF4A2	PPP1R12A	3	0.0000	0.7045
MEPCE	PPP1R12A	3	0.0929	0.3422
EIF4A2	PPP2CB	3	0.0000	0.7045
MEPCE	PPP2CB	3	0.0000	0.7045
EIF4A2	PPP2R1A	3	0.0000	0.7045
MEPCE	PPP2R1A	3	0.0000	0.7045
EIF4A2	PPP2R2A	3	0.0000	0.7045
MEPCE	PPP2R2A	3	0.0000	0.7045
EIF4A2	PPP4R2	3	0.0006	0.6309
MEPCE	PPP4R2	3	0.0687	0.3699
EIF4A2	PPP4R3A	3	0.0000	0.7045
MEPCE	PPP4R3A	3	0.0000	0.7045
EIF4A2	PPP6C	3	0.0000	0.7045
MEPCE	PPP6C	3	0.0001	0.6759
EIF4A2	PQBP1	3	0.0000	0.7045
MEPCE	PQBP1	3	0.0000	0.7045
EIF4A2	PRAF2	3	0.0000	0.7045
MEPCE	PRAF2	3	0.0009	0.6193
EIF4A2	PRDX1	3	0.0000	0.7045
MEPCE	PRDX1	3	0.0000	0.7045
EIF4A2	PRDX2	3	0.0000	0.7045
MEPCE	PRDX2	3	0.0000	0.7045
EIF4A2	PRDX3	3	0.0000	0.7045
MEPCE	PRDX3	3	0.0000	0.7045
EIF4A2	PRDX6	3	0.0000	0.7045
MEPCE	PRDX6	3	0.0000	0.7045
EIF4A2	PRIM2	3	0.0000	0.7045
MEPCE	PRIM2	3	0.0046	0.5506
EIF4A2	PRKACA	3	1.0000	0.0000
MEPCE	PRKACA	3	0.0294	0.4460
EIF4A2	PRKACB	3	0.9842	0.0006
MEPCE	PRKACB	3	0.0466	0.4087
EIF4A2	PRKAR1A	3	0.0001	0.6759
MEPCE	PRKAR1A	3	0.0232	0.4568
EIF4A2	PRKAR2A	3	1.0000	0.0000
MEPCE	PRKAR2A	3	0.0862	0.3543
EIF4A2	PRKAR2B	3	1.0000	0.0000
MEPCE	PRKAR2B	3	0.3333	0.1871
EIF4A2	PRKCSH	3	0.0000	0.7045
MEPCE	PRKCSH	3	0.0000	0.7045
EIF4A2	PRKDC	3	0.0000	0.7045
MEPCE	PRKDC	3	0.0000	0.7045
EIF4A2	PRKRIP1	3	0.0000	0.7045
MEPCE	PRKRIP1	3	0.0000	0.7045
EIF4A2	PRMT1	3	0.0000	0.7045
MEPCE	PRMT1	3	0.0000	0.7045
EIF4A2	PRMT3	3	0.0000	0.7045
MEPCE	PRMT3	3	0.0003	0.6480
EIF4A2	PRMT5	3	0.0000	0.7045
MEPCE	PRMT5	3	0.0000	0.7045
EIF4A2	PROSER2	3	0.0000	0.7045
MEPCE	PROSER2	3	0.0000	0.7045
EIF4A2	PRP4K	3	0.0000	0.7045
MEPCE	PRP4K	3	0.0000	0.7045
EIF4A2	PRPF19	3	0.0000	0.7045
MEPCE	PRPF19	3	0.0272	0.4491
EIF4A2	PRPF3	3	0.0078	0.5221
MEPCE	PRPF3	3	1.0000	0.0000
EIF4A2	PRPF31	3	0.0000	0.7045
MEPCE	PRPF31	3	0.9308	0.0041
EIF4A2	PRPF38A	3	0.0000	0.7045
MEPCE	PRPF38A	3	0.0000	0.7045
EIF4A2	PRPF38B	3	0.0000	0.7045
MEPCE	PRPF38B	3	0.0000	0.7045
EIF4A2	PRPF4	3	0.1553	0.2990
MEPCE	PRPF4	3	0.9918	0.0003
EIF4A2	PRPF40A	3	0.0000	0.7045
MEPCE	PRPF40A	3	0.0004	0.6406
EIF4A2	PRPF6	3	0.0000	0.7045
MEPCE	PRPF6	3	0.0000	0.7045
EIF4A2	PRPF8	3	0.0000	0.7045
MEPCE	PRPF8	3	0.0002	0.6584
EIF4A2	PRPS1	3	0.0000	0.7045
MEPCE	PRPS1	3	0.0000	0.7045
EIF4A2	PRPSAP2	3	0.0000	0.7045
MEPCE	PRPSAP2	3	0.0000	0.7045
EIF4A2	PRRC2A	3	1.0000	0.0000
MEPCE	PRRC2A	3	0.6447	0.0587
EIF4A2	PRRC2B	3	0.0000	0.7045
MEPCE	PRRC2B	3	0.0007	0.6261
EIF4A2	PRRC2C	3	0.0000	0.7045
MEPCE	PRRC2C	3	0.0000	0.7045
EIF4A2	PRSS1	3	0.0000	0.7045
MEPCE	PRSS1	3	0.0000	0.7045
EIF4A2	PRSS3	3	0.1258	0.3161
MEPCE	PRSS3	3	0.2154	0.2769
EIF4A2	PSIP1	3	0.0000	0.7045
MEPCE	PSIP1	3	0.0000	0.7045
EIF4A2	PSMA1	3	0.0000	0.7045
MEPCE	PSMA1	3	0.0199	0.4724
EIF4A2	PSMA2	3	0.0000	0.7045
MEPCE	PSMA2	3	0.5641	0.0788
EIF4A2	PSMA3	3	0.0000	0.7045
MEPCE	PSMA3	3	0.0096	0.5091
EIF4A2	PSMA4	3	0.0000	0.7045
MEPCE	PSMA4	3	0.0008	0.6216
EIF4A2	PSMA5	3	0.0000	0.7045
MEPCE	PSMA5	3	0.0002	0.6584
EIF4A2	PSMA6	3	0.0000	0.7045
MEPCE	PSMA6	3	0.0213	0.4636
EIF4A2	PSMA7	3	0.0000	0.7045
MEPCE	PSMA7	3	0.1215	0.3192
EIF4A2	PSMB1	3	0.0000	0.7045
MEPCE	PSMB1	3	0.0211	0.4651
EIF4A2	PSMB2	3	0.0000	0.7045
MEPCE	PSMB2	3	0.0000	0.7045
EIF4A2	PSMB3	3	0.0000	0.7045
MEPCE	PSMB3	3	0.0003	0.6480
EIF4A2	PSMB4	3	0.0000	0.7045
MEPCE	PSMB4	3	0.1382	0.3076
EIF4A2	PSMB5	3	0.0000	0.7045
MEPCE	PSMB5	3	0.0001	0.6759
EIF4A2	PSMB6	3	0.0000	0.7045
MEPCE	PSMB6	3	0.1778	0.2916
EIF4A2	PSMB7	3	0.0000	0.7045
MEPCE	PSMB7	3	0.2476	0.2646
EIF4A2	PSMC1	3	0.0000	0.7045
MEPCE	PSMC1	3	0.0089	0.5129
EIF4A2	PSMC2	3	0.0000	0.7045
MEPCE	PSMC2	3	0.0000	0.7045
EIF4A2	PSMC3	3	0.0000	0.7045
MEPCE	PSMC3	3	0.0000	0.7045
EIF4A2	PSMC4	3	0.0000	0.7045
MEPCE	PSMC4	3	0.0000	0.7045
EIF4A2	PSMC5	3	0.0000	0.7045
MEPCE	PSMC5	3	0.0000	0.7045
EIF4A2	PSMC6	3	0.0000	0.7045
MEPCE	PSMC6	3	0.0000	0.7045
EIF4A2	PSMD1	3	0.0000	0.7045
MEPCE	PSMD1	3	0.0000	0.7045
EIF4A2	PSMD10	3	0.0000	0.7045
MEPCE	PSMD10	3	0.0300	0.4444
EIF4A2	PSMD11	3	0.0000	0.7045
MEPCE	PSMD11	3	0.0000	0.7045
EIF4A2	PSMD12	3	0.0000	0.7045
MEPCE	PSMD12	3	0.0000	0.7045
EIF4A2	PSMD13	3	0.0000	0.7045
MEPCE	PSMD13	3	0.0000	0.7045
EIF4A2	PSMD14	3	0.0000	0.7045
MEPCE	PSMD14	3	0.0000	0.7045
EIF4A2	PSMD2	3	0.0000	0.7045
MEPCE	PSMD2	3	0.0000	0.7045
EIF4A2	PSMD3	3	0.0000	0.7045
MEPCE	PSMD3	3	0.0000	0.7045
EIF4A2	PSMD4	3	0.0000	0.7045
MEPCE	PSMD4	3	0.0000	0.7045
EIF4A2	PSMD6	3	0.0000	0.7045
MEPCE	PSMD6	3	0.0000	0.7045
EIF4A2	PSMD7	3	0.0000	0.7045
MEPCE	PSMD7	3	0.0000	0.7045
EIF4A2	PSMD8	3	0.0000	0.7045
MEPCE	PSMD8	3	0.0000	0.7045
EIF4A2	PSME1	3	0.0000	0.7045
MEPCE	PSME1	3	0.0000	0.7045
EIF4A2	PSME2	3	0.0000	0.7045
MEPCE	PSME2	3	0.0000	0.7045
EIF4A2	PSME3	3	0.0032	0.5722
MEPCE	PSME3	3	1.0000	0.0000
EIF4A2	PSMF1	3	0.0000	0.7045
MEPCE	PSMF1	3	0.2869	0.2412
EIF4A2	PSMG1	3	0.0000	0.7045
MEPCE	PSMG1	3	0.0000	0.7045
EIF4A2	PSPC1	3	0.3335	0.1824
MEPCE	PSPC1	3	0.0002	0.6584
EIF4A2	PSRC1	3	0.0000	0.7045
MEPCE	PSRC1	3	0.0000	0.7045
EIF4A2	PTBP1	3	1.0000	0.0000
MEPCE	PTBP1	3	0.3482	0.1478
EIF4A2	PTCD3	3	0.0149	0.4859
MEPCE	PTCD3	3	0.3701	0.1342
EIF4A2	PTGES3	3	0.0006	0.6309
MEPCE	PTGES3	3	0.8746	0.0079
EIF4A2	PTMA	3	1.0000	0.0000
MEPCE	PTMA	3	1.0000	0.0000
EIF4A2	PTMS	3	0.5497	0.0822
MEPCE	PTMS	3	0.8231	0.0107
EIF4A2	PTS	3	0.0000	0.7045
MEPCE	PTS	3	0.0000	0.7045
EIF4A2	PUF60	3	0.0003	0.6480
MEPCE	PUF60	3	0.0003	0.6480
EIF4A2	PURA	3	0.6667	0.0451
MEPCE	PURA	3	0.6667	0.0451
EIF4A2	PYCR1	3	0.0000	0.7045
MEPCE	PYCR1	3	0.0001	0.6759
EIF4A2	PYCR2	3	0.0041	0.5570
MEPCE	PYCR2	3	1.0000	0.0000
EIF4A2	QARS1	3	0.0001	0.6759
MEPCE	QARS1	3	0.0012	0.6085
EIF4A2	QPCT	3	0.0000	0.7045
MEPCE	QPCT	3	0.0000	0.7045
EIF4A2	QPCTL	3	0.0000	0.7045
MEPCE	QPCTL	3	0.0000	0.7045
EIF4A2	RAB10	3	0.0000	0.7045
MEPCE	RAB10	3	0.0000	0.7045
EIF4A2	RAB11B	3	0.0000	0.7045
MEPCE	RAB11B	3	0.3325	0.2043
EIF4A2	RAB21	3	0.3333	0.1871
MEPCE	RAB21	3	0.0001	0.6759
EIF4A2	RAB34	3	0.0001	0.6759
MEPCE	RAB34	3	0.9910	0.0004
EIF4A2	RAB3GAP2	3	0.0000	0.7045
MEPCE	RAB3GAP2	3	0.0000	0.7045
EIF4A2	RAB5C	3	0.0000	0.7045
MEPCE	RAB5C	3	0.0000	0.7045
EIF4A2	RAB7A	3	0.0000	0.7045
MEPCE	RAB7A	3	0.0000	0.7045
EIF4A2	RAB8A	3	0.0000	0.7045
MEPCE	RAB8A	3	0.0000	0.7045
EIF4A2	RAB9A	3	0.0000	0.7045
MEPCE	RAB9A	3	0.0000	0.7045
EIF4A2	RABL3	3	0.0000	0.7045
MEPCE	RABL3	3	0.0097	0.5078
EIF4A2	RABL6	3	0.0000	0.7045
MEPCE	RABL6	3	0.0000	0.7045
EIF4A2	RAC2	3	0.0000	0.7045
MEPCE	RAC2	3	0.0186	0.4753
EIF4A2	RACK1	3	0.0000	0.7045
MEPCE	RACK1	3	0.0000	0.7045
EIF4A2	RAD50	3	0.0001	0.6759
MEPCE	RAD50	3	0.0051	0.5463
EIF4A2	RAD51AP1	3	0.0000	0.7045
MEPCE	RAD51AP1	3	0.0571	0.3879
EIF4A2	RAF1	3	0.0000	0.7045
MEPCE	RAF1	3	0.0001	0.6759
EIF4A2	RALA	3	0.0000	0.7045
MEPCE	RALA	3	0.5964	0.0757
EIF4A2	RAN	3	0.0000	0.7045
MEPCE	RAN	3	0.0000	0.7045
EIF4A2	RANBP1	3	0.0000	0.7045
MEPCE	RANBP1	3	0.0000	0.7045
EIF4A2	RANBP2	3	0.5443	0.0833
MEPCE	RANBP2	3	0.0000	0.7045
EIF4A2	RANGAP1	3	0.0000	0.7045
MEPCE	RANGAP1	3	0.0000	0.7045
EIF4A2	RAP1B	3	0.0000	0.7045
MEPCE	RAP1B	3	0.9997	0.0000
EIF4A2	RARS1	3	1.0000	0.0000
MEPCE	RARS1	3	0.0001	0.6759
EIF4A2	RAVER1	3	0.0000	0.7045
MEPCE	RAVER1	3	0.0032	0.5722
EIF4A2	RBBP4	3	0.0000	0.7045
MEPCE	RBBP4	3	0.8016	0.0134
EIF4A2	RBBP7	3	0.0000	0.7045
MEPCE	RBBP7	3	0.0000	0.7045
EIF4A2	RBFA	3	0.0000	0.7045
MEPCE	RBFA	3	0.0000	0.7045
EIF4A2	RBIS	3	0.0000	0.7045
MEPCE	RBIS	3	0.0002	0.6584
EIF4A2	RBM10	3	0.3205	0.2194
MEPCE	RBM10	3	0.0000	0.7045
EIF4A2	RBM14	3	0.0000	0.7045
MEPCE	RBM14	3	0.0000	0.7045
EIF4A2	RBM15	3	0.1290	0.3129
MEPCE	RBM15	3	0.0016	0.5997
EIF4A2	RBM17	3	0.0000	0.7045
MEPCE	RBM17	3	0.9501	0.0023
EIF4A2	RBM25	3	0.0000	0.7045
MEPCE	RBM25	3	0.0179	0.4796
EIF4A2	RBM26	3	0.0000	0.7045
MEPCE	RBM26	3	1.0000	0.0000
EIF4A2	RBM27	3	0.0000	0.7045
MEPCE	RBM27	3	0.4526	0.1074
EIF4A2	RBM3	3	0.0000	0.7045
MEPCE	RBM3	3	0.0000	0.7045
EIF4A2	RBM33	3	0.0000	0.7045
MEPCE	RBM33	3	0.0000	0.7045
EIF4A2	RBM39	3	0.0000	0.7045
MEPCE	RBM39	3	0.0515	0.3980
EIF4A2	RBM42	3	0.0000	0.7045
MEPCE	RBM42	3	0.6954	0.0241
EIF4A2	RBM4B	3	0.0010	0.6157
MEPCE	RBM4B	3	0.6367	0.0637
EIF4A2	RBMX	3	0.0000	0.7045
MEPCE	RBMX	3	0.0000	0.7045
EIF4A2	RBMX2	3	0.0000	0.7045
MEPCE	RBMX2	3	0.0867	0.3523
EIF4A2	RBX1	3	0.0000	0.7045
MEPCE	RBX1	3	0.0000	0.7045
EIF4A2	RCC2	3	0.0000	0.7045
MEPCE	RCC2	3	0.0000	0.7045
EIF4A2	RCN2	3	0.0000	0.7045
MEPCE	RCN2	3	0.0000	0.7045
EIF4A2	RCOR1	3	0.0000	0.7045
MEPCE	RCOR1	3	0.0000	0.7045
EIF4A2	RDH11	3	0.2869	0.2412
MEPCE	RDH11	3	0.0026	0.5822
EIF4A2	REEP4	3	0.0000	0.7045
MEPCE	REEP4	3	0.0067	0.5322
EIF4A2	REEP5	3	0.0000	0.7045
MEPCE	REEP5	3	0.0118	0.5014
EIF4A2	RELCH	3	0.0000	0.7045
MEPCE	RELCH	3	0.0003	0.6480
EIF4A2	RER1	3	0.0000	0.7045
MEPCE	RER1	3	0.3202	0.2204
EIF4A2	RETREG3	3	0.0041	0.5570
MEPCE	RETREG3	3	0.0247	0.4514
EIF4A2	RFC1	3	0.0004	0.6406
MEPCE	RFC1	3	0.0011	0.6121
EIF4A2	RFC5	3	0.3374	0.1636
MEPCE	RFC5	3	0.0465	0.4095
EIF4A2	RFT1	3	0.0000	0.7045
MEPCE	RFT1	3	0.0001	0.6759
EIF4A2	RIOK1	3	0.0000	0.7045
MEPCE	RIOK1	3	0.0000	0.7045
EIF4A2	RIOK2	3	0.0000	0.7045
MEPCE	RIOK2	3	0.0001	0.6759
EIF4A2	R0SEL	3	0.0000	0.7045
MEPCE	R0SEL	3	0.0000	0.7045
EIF4A2	RNF20	3	0.0000	0.7045
MEPCE	RNF20	3	0.0001	0.6759
EIF4A2	RNF40	3	0.0000	0.7045
MEPCE	RNF40	3	0.0229	0.4584
EIF4A2	RNPS1	3	0.0000	0.7045
MEPCE	RNPS1	3	0.2845	0.2463
EIF4A2	RO60	3	0.3125	0.2278
MEPCE	RO60	3	0.0008	0.6216
EIF4A2	ROCK1	3	0.0000	0.7045
MEPCE	ROCK1	3	0.0000	0.7045
EIF4A2	RP9	3	0.0719	0.3641
MEPCE	RP9	3	0.0000	0.7045
EIF4A2	RPA1	3	0.3531	0.1423
MEPCE	RPA1	3	0.0051	0.5463
EIF4A2	RPA2	3	0.0000	0.7045
MEPCE	RPA2	3	0.0000	0.7045
EIF4A2	RPA3	3	0.0000	0.7045
MEPCE	RPA3	3	0.0000	0.7045
EIF4A2	RPL10	3	0.0032	0.5722
MEPCE	RPL10	3	1.0000	0.0000
EIF4A2	RPL10A	3	0.0300	0.4444
MEPCE	RPL10A	3	1.0000	0.0000
EIF4A2	RPL11	3	0.0007	0.6261
MEPCE	RPL11	3	1.0000	0.0000
EIF4A2	RPL12	3	0.0000	0.7045
MEPCE	RPL12	3	0.0012	0.6085
EIF4A2	RPL13	3	0.0071	0.5281
MEPCE	RPL13	3	0.4887	0.0974
EIF4A2	RPL13A	3	0.0040	0.5581
MEPCE	RPL13A	3	1.0000	0.0000
EIF4A2	RPL14	3	0.0181	0.4782
MEPCE	RPL14	3	1.0000	0.0000
EIF4A2	RPL15	3	0.0083	0.5172
MEPCE	RPL15	3	1.0000	0.0000
EIF4A2	RPL17	3	0.0029	0.5770
MEPCE	RPL17	3	1.0000	0.0000
EIF4A2	RPL18	3	0.0420	0.4199
MEPCE	RPL18	3	1.0000	0.0000
EIF4A2	RPL18A	3	0.2756	0.2524
MEPCE	RPL18A	3	1.0000	0.0000
EIF4A2	RPL19	3	0.3977	0.1191
MEPCE	RPL19	3	1.0000	0.0000
EIF4A2	RPL21	3	0.3369	0.1662
MEPCE	RPL21	3	1.0000	0.0000
EIF4A2	RPL22	3	0.0000	0.7045
MEPCE	RPL22	3	0.0002	0.6584
EIF4A2	RPL22L1	3	0.0000	0.7045
MEPCE	RPL22L1	3	0.0000	0.7045
EIF4A2	RPL23	3	0.0000	0.7045
MEPCE	RPL23	3	0.0000	0.7045
EIF4A2	RPL23A	3	0.0000	0.7045
MEPCE	RPL23A	3	0.9999	0.0000
EIF4A2	RPL24	3	0.0097	0.5078
MEPCE	RPL24	3	1.0000	0.0000
EIF4A2	RPL26	3	0.0613	0.3823
MEPCE	RPL26	3	1.0000	0.0000
EIF4A2	RPL27	3	0.5384	0.0856
MEPCE	RPL27	3	1.0000	0.0000
EIF4A2	RPL27A	3	0.0541	0.3925
MEPCE	RPL27A	3	1.0000	0.0000
EIF4A2	RPL28	3	0.4694	0.1037
MEPCE	RPL28	3	1.0000	0.0000
EIF4A2	RPL29	3	0.3251	0.2151
MEPCE	RPL29	3	1.0000	0.0000
EIF4A2	RPL3	3	0.0210	0.4659
MEPCE	RPL3	3	1.0000	0.0000
EIF4A2	RPL30	3	0.1752	0.2927
MEPCE	RPL30	3	0.9916	0.0004
EIF4A2	RPL31	3	0.0023	0.5882
MEPCE	RPL31	3	1.0000	0.0000
EIF4A2	RPL32	3	0.0002	0.6584
MEPCE	RPL32	3	0.6951	0.0252
EIF4A2	RPL34	3	0.0325	0.4404
MEPCE	RPL34	3	1.0000	0.0000
EIF4A2	RPL35	3	0.0000	0.7045
MEPCE	RPL35	3	0.9997	0.0000
EIF4A2	RPL35A	3	0.0000	0.7045
MEPCE	RPL35A	3	0.8495	0.0083
EIF4A2	RPL36	3	0.9456	0.0034
MEPCE	RPL36	3	1.0000	0.0000
EIF4A2	RPL36A	3	0.0000	0.7045
MEPCE	RPL36A	3	0.9995	0.0000
EIF4A2	RPL36AL	3	1.0000	0.0000
EIF4A2	RPL37	3	0.1291	0.3118
MEPCE	RPL37	3	0.7009	0.0220
EIF4A2	RPL37A	3	0.0002	0.6584
MEPCE	RPL37A	3	0.0353	0.4340
EIF4A2	RPL38	3	0.0000	0.7045
MEPCE	RPL38	3	0.0000	0.7045
EIF4A2	RPL39	3	0.0000	0.7045
MEPCE	RPL39	3	0.0432	0.4173
EIF4A2	RPL4	3	0.1091	0.3256
MEPCE	RPL4	3	1.0000	0.0000
EIF4A2	RPL5	3	0.0000	0.7045
MEPCE	RPL5	3	0.0006	0.6309
EIF4A2	RPL6	3	0.0472	0.4069
MEPCE	RPL6	3	1.0000	0.0000
EIF4A2	RPL7	3	0.2998	0.2381
MEPCE	RPL7	3	1.0000	0.0000
EIF4A2	RPL7A	3	0.6681	0.0378
MEPCE	RPL7A	3	1.0000	0.0000
EIF4A2	RPL8	3	0.0279	0.4468
MEPCE	RPL8	3	1.0000	0.0000
EIF4A2	RPL9	3	0.0001	0.6759
MEPCE	RPL9	3	0.9989	0.0000
EIF4A2	RPLP0	3	0.0063	0.5351
MEPCE	RPLP0	3	1.0000	0.0000
EIF4A2	RPLP1	3	0.0014	0.6047
MEPCE	RPLP1	3	1.0000	0.0000
EIF4A2	RPLP2	3	0.0034	0.5657
MEPCE	RPLP2	3	1.0000	0.0000
EIF4A2	RPN1	3	0.0000	0.7045
MEPCE	RPN1	3	0.1798	0.2895
EIF4A2	RPN2	3	0.0000	0.7045
MEPCE	RPN2	3	0.0001	0.6759
EIF4A2	RPP25L	3	0.0000	0.7045
MEPCE	RPP25L	3	0.6843	0.0284
EIF4A2	RPS10	3	0.0000	0.7045
MEPCE	RPS10	3	0.0000	0.7045
EIF4A2	RPS11	3	0.0026	0.5822
MEPCE	RPS11	3	1.0000	0.0000
EIF4A2	RPS12	3	0.0039	0.5601
MEPCE	RPS12	3	1.0000	0.0000
EIF4A2	RPS13	3	0.0615	0.3805
MEPCE	RPS13	3	1.0000	0.0000
EIF4A2	RPS14	3	0.0001	0.6759
MEPCE	RPS14	3	1.0000	0.0000
EIF4A2	RPS15	3	0.0002	0.6584
MEPCE	RPS15	3	0.6828	0.0294
EIF4A2	RPS15A	3	0.0089	0.5129
MEPCE	RPS15A	3	1.0000	0.0000
EIF4A2	RPS16	3	0.0000	0.7045
MEPCE	RPS16	3	0.6450	0.0577
EIF4A2	RPS17	3	0.0000	0.7045
MEPCE	RPS17	3	0.9999	0.0000
EIF4A2	RPS18	3	0.0000	0.7045
MEPCE	RPS18	3	0.3721	0.1314
EIF4A2	RPS19	3	0.0000	0.7045
MEPCE	RPS19	3	0.0058	0.5385
EIF4A2	RPS19BP1	3	0.3302	0.2097
MEPCE	RPS19BP1	3	0.2505	0.2625
EIF4A2	RPS2	3	0.0000	0.7045
MEPCE	RPS2	3	1.0000	0.0000
EIF4A2	RPS20	3	0.0000	0.7045
MEPCE	RPS20	3	0.0005	0.6342
EIF4A2	RPS21	3	0.0000	0.7045
MEPCE	RPS21	3	0.0000	0.7045
EIF4A2	RPS23	3	0.0003	0.6480
MEPCE	RPS23	3	0.6812	0.0326
EIF4A2	RPS24	3	0.0000	0.7045
MEPCE	RPS24	3	0.0004	0.6406
EIF4A2	RPS25	3	0.0000	0.7045
MEPCE	RPS25	3	0.0000	0.7045
EIF4A2	RPS26	3	0.0002	0.6584
MEPCE	RPS26	3	1.0000	0.0000
EIF4A2	RPS27	3	0.0000	0.7045
MEPCE	RPS27	3	0.0000	0.7045
EIF4A2	RPS27L	3	0.0000	0.7045
MEPCE	RPS27L	3	0.0000	0.7045
EIF4A2	RPS28	3	0.0000	0.7045
MEPCE	RPS28	3	0.0000	0.7045
EIF4A2	RPS29	3	0.0000	0.7045
MEPCE	RPS29	3	0.0000	0.7045
EIF4A2	RPS3	3	0.0000	0.7045
MEPCE	RPS3	3	1.0000	0.0000
EIF4A2	RPS3A	3	0.0209	0.4666
MEPCE	RPS3A	3	1.0000	0.0000
EIF4A2	RPS4X	3	0.0000	0.7045
MEPCE	RPS4X	3	0.9975	0.0001
EIF4A2	RPS5	3	0.0000	0.7045
MEPCE	RPS5	3	0.0005	0.6342
EIF4A2	RPS6	3	0.0096	0.5091
MEPCE	RPS6	3	1.0000	0.0000
EIF4A2	RPS7	3	0.0000	0.7045
MEPCE	RPS7	3	0.9998	0.0000
EIF4A2	RPS8	3	0.0267	0.4499
MEPCE	RPS8	3	1.0000	0.0000
EIF4A2	RPS9	3	0.0185	0.4767
MEPCE	RPS9	3	1.0000	0.0000
EIF4A2	RPSA	3	0.0003	0.6480
MEPCE	RPSA	3	0.0527	0.3962
EIF4A2	RRP12	3	0.0000	0.7045
MEPCE	RRP12	3	0.2543	0.2595
EIF4A2	RRP1B	3	0.0186	0.4753
MEPCE	RRP1B	3	1.0000	0.0000
EIF4A2	RRP36	3	0.0005	0.6342
MEPCE	RRP36	3	0.0234	0.4561
EIF4A2	RSL1D1	3	0.3519	0.1437
MEPCE	RSL1D1	3	1.0000	0.0000
EIF4A2	RSRC1	3	0.0011	0.6121
MEPCE	RSRC1	3	0.0371	0.4274
EIF4A2	RSRC2	3	0.0000	0.7045
MEPCE	RSRC2	3	0.0920	0.3432
EIF4A2	RTCA	3	0.0218	0.4606
MEPCE	RTCA	3	0.9538	0.0019
EIF4A2	RTCB	3	0.0000	0.7045
MEPCE	RTCB	3	0.0000	0.7045
EIF4A2	RTN3	3	0.0000	0.7045
MEPCE	RTN3	3	0.0000	0.7045
EIF4A2	RTN4	3	0.0000	0.7045
MEPCE	RTN4	3	0.0000	0.7045
EIF4A2	RTRAF	3	0.0000	0.7045
MEPCE	RTRAF	3	0.0000	0.7045
EIF4A2	RUVBL1	3	0.0000	0.7045
MEPCE	RUVBL1	3	0.0000	0.7045
EIF4A2	RUVBL2	3	0.0000	0.7045
MEPCE	RUVBL2	3	0.0000	0.7045
EIF4A2	SACM1L	3	0.0000	0.7045
MEPCE	SACM1L	3	0.2131	0.2779
EIF4A2	SAFB	3	0.0000	0.7045
MEPCE	SAFB	3	0.0000	0.7045
EIF4A2	SAP30BP	3	0.0000	0.7045
MEPCE	SAP30BP	3	0.5552	0.0810
EIF4A2	SARNP	3	0.0000	0.7045
MEPCE	SARNP	3	0.0000	0.7045
EIF4A2	SARS1	3	0.0000	0.7045
MEPCE	SARS1	3	0.0000	0.7045
EIF4A2	SART1	3	0.0002	0.6584
MEPCE	SART1	3	0.6721	0.0347
EIF4A2	SART3	3	0.0254	0.4507
MEPCE	SART3	3	1.0000	0.0000
EIF4A2	SBDS	3	0.0000	0.7045
MEPCE	SBDS	3	0.0000	0.7045
EIF4A2	SBF1	3	0.0008	0.6216
MEPCE	SBF1	3	0.0051	0.5463
EIF4A2	SCAF11	3	0.0758	0.3631
MEPCE	SCAF11	3	0.0052	0.5447
EIF4A2	SCAMP2	3	0.0003	0.6480
MEPCE	SCAMP2	3	0.0083	0.5172
EIF4A2	SCAMP3	3	0.0000	0.7045
MEPCE	SCAMP3	3	0.0000	0.7045
EIF4A2	SCNM1	3	0.0000	0.7045
MEPCE	SCNM1	3	0.0000	0.7045
EIF4A2	SCO2	3	0.0000	0.7045
MEPCE	SCO2	3	0.3149	0.2246
EIF4A2	SCP2	3	0.0368	0.4282
MEPCE	SCP2	3	0.0023	0.5882
EIF4A2	SDF4	3	0.0000	0.7045
MEPCE	SDF4	3	0.0000	0.7045
EIF4A2	SEC13	3	0.0000	0.7045
MEPCE	SEC13	3	0.0000	0.7045
EIF4A2	SEC22B	3	0.0000	0.7045
MEPCE	SEC22B	3	0.0000	0.7045
EIF4A2	SEC23IP	3	0.0190	0.4746
MEPCE	SEC23IP	3	0.0130	0.4954
EIF4A2	SEC31A	3	0.0000	0.7045
MEPCE	SEC31A	3	0.0000	0.7045
EIF4A2	SEC61A1	3	0.0000	0.7045
MEPCE	SEC61A1	3	0.0464	0.4104
EIF4A2	SEC61B	3	0.0000	0.7045
MEPCE	SEC61B	3	0.0314	0.4412
EIF4A2	SELENOH	3	0.0000	0.7045
MEPCE	SELENOH	3	0.0947	0.3412
EIF4A2	SEPTIN11	3	0.0000	0.7045
MEPCE	SEPTIN11	3	0.0000	0.7045
EIF4A2	SEPTIN2	3	0.0000	0.7045
MEPCE	SEPTIN2	3	0.0000	0.7045
EIF4A2	SEPTIN7	3	0.0000	0.7045
MEPCE	SEPTIN7	3	0.0000	0.7045
EIF4A2	SEPTIN9	3	0.0034	0.5657
MEPCE	SEPTIN9	3	0.0879	0.3503
EIF4A2	SERBP1	3	0.0000	0.7045
MEPCE	SERBP1	3	0.0000	0.7045
EIF4A2	SERF1A	3	0.0037	0.5612
MEPCE	SERF1A	3	0.3080	0.2288
EIF4A2	SERF2	3	0.0000	0.7045
MEPCE	SERF2	3	0.0000	0.7045
EIF4A2	SET	3	1.0000	0.0000
MEPCE	SET	3	0.0004	0.6406
EIF4A2	SF1	3	0.0000	0.7045
MEPCE	SF1	3	0.0000	0.7045
EIF4A2	SF3A1	3	0.0000	0.7045
MEPCE	SF3A1	3	0.0000	0.7045
EIF4A2	SF3A2	3	0.0000	0.7045
MEPCE	SF3A2	3	0.0001	0.6759
EIF4A2	SF3A3	3	0.0000	0.7045
MEPCE	SF3A3	3	0.0000	0.7045
EIF4A2	SF3B1	3	0.0000	0.7045
MEPCE	SF3B1	3	0.0000	0.7045
EIF4A2	SF3B2	3	0.0000	0.7045
MEPCE	SF3B2	3	0.0000	0.7045
EIF4A2	SF3B3	3	0.0000	0.7045
MEPCE	SF3B3	3	0.0000	0.7045
EIF4A2	SF3B4	3	0.0000	0.7045
MEPCE	SF3B4	3	0.0000	0.7045
EIF4A2	SF3B5	3	0.0000	0.7045
MEPCE	SF3B5	3	0.0000	0.7045
EIF4A2	SFPQ	3	1.0000	0.0000
MEPCE	SFPQ	3	0.0083	0.5172
EIF4A2	SFSWAP	3	0.0000	0.7045
MEPCE	SFSWAP	3	0.0001	0.6759
EIF4A2	SGPL1	3	0.0000	0.7045
MEPCE	SGPL1	3	0.0000	0.7045
EIF4A2	SH3GLB2	3	0.0000	0.7045
MEPCE	SH3GLB2	3	0.0975	0.3370
EIF4A2	SHMT2	3	0.0000	0.7045
MEPCE	SHMT2	3	0.0000	0.7045
EIF4A2	SKIC8	3	0.0544	0.3907
MEPCE	SKIC8	3	0.0957	0.3401
EIF4A2	SKP1	3	0.0000	0.7045
MEPCE	SKP1	3	0.0000	0.7045
EIF4A2	SLC16A1	3	0.0000	0.7045
MEPCE	SLC16A1	3	0.0021	0.5904
EIF4A2	SLC1A5	3	0.0064	0.5345
MEPCE	SLC1A5	3	0.0008	0.6216
EIF4A2	SLC25A3	3	0.0000	0.7045
MEPCE	SLC25A3	3	0.9491	0.0025
EIF4A2	SLC25A5	3	0.0000	0.7045
MEPCE	SLC25A5	3	0.0022	0.5891
EIF4A2	SLC30A7	3	0.0000	0.7045
MEPCE	SLC30A7	3	0.0000	0.7045
EIF4A2	SLC35F6	3	0.0026	0.5822
MEPCE	SLC35F6	3	0.3506	0.1464
EIF4A2	SLC38A2	3	0.0543	0.3916
MEPCE	SLC38A2	3	0.0015	0.6018
EIF4A2	SLC39A14	3	0.0444	0.4147
MEPCE	SLC39A14	3	0.0078	0.5221
EIF4A2	SLC7A5	3	0.6233	0.0657
MEPCE	SLC7A5	3	0.0011	0.6121
EIF4A2	SLFN11	3	0.0000	0.7045
MEPCE	SLFN11	3	0.0003	0.6480
EIF4A2	SLIRP	3	0.0000	0.7045
MEPCE	SLIRP	3	0.6043	0.0747
EIF4A2	SLK	3	0.0000	0.7045
MEPCE	SLK	3	0.0000	0.7045
EIF4A2	SLTM	3	0.0000	0.7045
MEPCE	SLTM	3	0.0000	0.7045
EIF4A2	SLU7	3	0.0000	0.7045
MEPCE	SLU7	3	0.0001	0.6759
EIF4A2	SMC1A	3	0.0001	0.6759
MEPCE	SMC1A	3	0.3410	0.1584
EIF4A2	SMC2	3	0.0000	0.7045
MEPCE	SMC2	3	0.0000	0.7045
EIF4A2	SMC3	3	0.8130	0.0128
MEPCE	SMC3	3	0.1549	0.3001
EIF4A2	SMC4	3	0.0000	0.7045
MEPCE	SMC4	3	0.0000	0.7045
EIF4A2	SMNDC1	3	0.0000	0.7045
MEPCE	SMNDC1	3	0.5805	0.0777
EIF4A2	S0PIN	3	0.0000	0.7045
MEPCE	S0PIN	3	0.0000	0.7045
EIF4A2	SND1	3	0.0000	0.7045
MEPCE	SND1	3	0.0000	0.7045
EIF4A2	SNIP1	3	0.0000	0.7045
MEPCE	SNIP1	3	0.0001	0.6759
EIF4A2	SNRNP200	3	0.0000	0.7045
MEPCE	SNRNP200	3	0.0000	0.7045
EIF4A2	SNRNP27	3	0.0000	0.7045
MEPCE	SNRNP27	3	0.2315	0.2707
EIF4A2	SNRNP70	3	0.0000	0.7045
MEPCE	SNRNP70	3	0.0000	0.7045
EIF4A2	SNRPA	3	0.0000	0.7045
MEPCE	SNRPA	3	0.0071	0.5281
EIF4A2	SNRPA1	3	0.0000	0.7045
MEPCE	SNRPA1	3	0.9007	0.0057
EIF4A2	SNRPB	3	0.0000	0.7045
MEPCE	SNRPB	3	0.0000	0.7045
EIF4A2	SNRPB2	3	0.0000	0.7045
MEPCE	SNRPB2	3	0.0009	0.6193
EIF4A2	SNRPC	3	0.0000	0.7045
MEPCE	SNRPC	3	0.0000	0.7045
EIF4A2	SNRPD1	3	0.0000	0.7045
MEPCE	SNRPD1	3	0.7963	0.0149
EIF4A2	SNRPD2	3	0.0000	0.7045
MEPCE	SNRPD2	3	0.0042	0.5560
EIF4A2	SNRPD3	3	0.0000	0.7045
MEPCE	SNRPD3	3	0.0000	0.7045
EIF4A2	SNRPE	3	0.0000	0.7045
MEPCE	SNRPE	3	0.0000	0.7045
EIF4A2	SNU13	3	0.0033	0.5712
MEPCE	SNU13	3	1.0000	0.0000
EIF4A2	SNW1	3	0.0000	0.7045
MEPCE	SNW1	3	0.5392	0.0845
EIF4A2	SPAG9	3	0.0001	0.6759
MEPCE	SPAG9	3	0.6177	0.0717
EIF4A2	SPART	3	0.0002	0.6584
MEPCE	SPART	3	0.2314	0.2717
EIF4A2	SPIN1	3	0.0000	0.7045
MEPCE	SPIN1	3	0.0000	0.7045
EIF4A2	SPINDOC	3	0.0000	0.7045
MEPCE	SPINDOC	3	0.0000	0.7045
EIF4A2	SPTAN1	3	0.0053	0.5430
MEPCE	SPTAN1	3	0.9975	0.0001
EIF4A2	SPTBN1	3	0.0034	0.5657
MEPCE	SPTBN1	3	0.8881	0.0069
EIF4A2	SPTY2D1	3	0.0000	0.7045
MEPCE	SPTY2D1	3	0.0000	0.7045
EIF4A2	SREK1	3	0.0000	0.7045
MEPCE	SREK1	3	0.0005	0.6342
EIF4A2	SREK1IP1	3	0.0001	0.6759
MEPCE	SREK1IP1	3	0.0000	0.7045
EIF4A2	SRP14	3	0.0000	0.7045
MEPCE	SRP14	3	0.9774	0.0008
EIF4A2	SRP54	3	0.0034	0.5657
MEPCE	SRP54	3	0.0614	0.3814
EIF4A2	SRP68	3	0.0000	0.7045
MEPCE	SRP68	3	0.0000	0.7045
EIF4A2	SRP72	3	0.0004	0.6406
MEPCE	SRP72	3	0.0000	0.7045
EIF4A2	SRP9	3	0.0002	0.6584
MEPCE	SRP9	3	1.0000	0.0000
EIF4A2	SRPK1	3	0.0017	0.5988
MEPCE	SRPK1	3	0.6597	0.0539
EIF4A2	SRPRB	3	0.0000	0.7045
MEPCE	SRPRB	3	0.0963	0.3391
EIF4A2	SRRM1	3	0.0208	0.4681
MEPCE	SRRM1	3	0.0002	0.6584
EIF4A2	SRRM2	3	0.0167	0.4810
MEPCE	SRRM2	3	1.0000	0.0000
EIF4A2	SRSF1	3	0.0000	0.7045
MEPCE	SRSF1	3	0.0000	0.7045
EIF4A2	SRSF10	3	0.0000	0.7045
MEPCE	SRSF10	3	0.6846	0.0273
EIF4A2	SRSF11	3	0.0000	0.7045
MEPCE	SRSF11	3	0.0000	0.7045
EIF4A2	SRSF2	3	0.0000	0.7045
MEPCE	SRSF2	3	0.0000	0.7045
EIF4A2	SRSF3	3	0.0109	0.5033
MEPCE	SRSF3	3	0.0001	0.6759
EIF4A2	SRSF4	3	0.0000	0.7045
MEPCE	SRSF4	3	0.0020	0.5922
EIF4A2	SRSF5	3	0.0000	0.7045
MEPCE	SRSF5	3	0.0002	0.6584
EIF4A2	SRSF6	3	0.0000	0.7045
MEPCE	SRSF6	3	0.0644	0.3738
EIF4A2	SRSF7	3	0.6824	0.0305
MEPCE	SRSF7	3	1.0000	0.0000
EIF4A2	SRSF9	3	0.0000	0.7045
MEPCE	SRSF9	3	0.1839	0.2864
EIF4A2	SSB	3	0.0215	0.4614
MEPCE	SSB	3	1.0000	0.0000
EIF4A2	SSBP1	3	0.0000	0.7045
MEPCE	SSBP1	3	0.0000	0.7045
EIF4A2	SSR1	3	0.0000	0.7045
MEPCE	SSR1	3	0.0000	0.7045
EIF4A2	SSR4	3	0.0000	0.7045
MEPCE	SSR4	3	0.0000	0.7045
EIF4A2	SSRP1	3	0.0000	0.7045
MEPCE	SSRP1	3	0.0000	0.7045
EIF4A2	ST13	3	0.0000	0.7045
MEPCE	ST13	3	0.0000	0.7045
EIF4A2	STAU1	3	0.3897	0.1232
MEPCE	STAU1	3	0.9488	0.0030
EIF4A2	STEEP1	3	0.0001	0.6759
MEPCE	STEEP1	3	0.0361	0.4315
EIF4A2	STIP1	3	0.0000	0.7045
MEPCE	STIP1	3	0.0000	0.7045
EIF4A2	STK38	3	0.0000	0.7045
MEPCE	STK38	3	0.0000	0.7045
EIF4A2	STK38L	3	0.0000	0.7045
MEPCE	STK38L	3	0.0000	0.7045
EIF4A2	STMN1	3	0.0000	0.7045
MEPCE	STMN1	3	0.0000	0.7045
EIF4A2	STT3A	3	0.0005	0.6342
MEPCE	STT3A	3	0.3641	0.1369
EIF4A2	STUB1	3	0.0000	0.7045
MEPCE	STUB1	3	0.0000	0.7045
EIF4A2	SUB1	3	0.0000	0.7045
MEPCE	SUB1	3	0.0000	0.7045
EIF4A2	SUMO1	3	0.0000	0.7045
MEPCE	SUMO1	3	0.5920	0.0767
EIF4A2	SUPT4H1	3	0.0000	0.7045
EIF4A2	SUPT5H	3	0.0351	0.4348
MEPCE	SUPT5H	3	0.0000	0.7045
EIF4A2	SURF4	3	0.0000	0.7045
MEPCE	SURF4	3	0.0000	0.7045
EIF4A2	SYNCRIP	3	1.0000	0.0000
MEPCE	SYNCRIP	3	1.0000	0.0000
EIF4A2	TAB1	3	0.0080	0.5209
MEPCE	TAB1	3	0.0347	0.4380
EIF4A2	TACC3	3	0.0000	0.7045
MEPCE	TACC3	3	0.0000	0.7045
EIF4A2	TAF15	3	0.6199	0.0677
MEPCE	TAF15	3	0.0058	0.5385
EIF4A2	TAF2	3	0.9996	0.0000
MEPCE	TAF2	3	0.3323	0.2054
EIF4A2	TAF4	3	0.0000	0.7045
MEPCE	TAF4	3	0.0000	0.7045
EIF4A2	TAGLN2	3	0.0000	0.7045
MEPCE	TAGLN2	3	0.0000	0.7045
MEPCE	TANC2	3	1.0000	0.0000
EIF4A2	TARDBP	3	0.0000	0.7045
MEPCE	TARDBP	3	0.0000	0.7045
EIF4A2	TARS1	3	0.0000	0.7045
MEPCE	TARS1	3	0.0000	0.7045
EIF4A2	TBC1D10B	3	0.0000	0.7045
MEPCE	TBC1D10B	3	0.0000	0.7045
EIF4A2	TBC1D4	3	0.0000	0.7045
MEPCE	TBC1D4	3	0.0003	0.6480
EIF4A2	TBCA	3	0.0421	0.4190
MEPCE	TBCA	3	0.0000	0.7045
EIF4A2	TCEA1	3	0.0000	0.7045
MEPCE	TCEA1	3	0.0000	0.7045
EIF4A2	TCEANC2	3	0.0000	0.7045
MEPCE	TCEANC2	3	0.0711	0.3660
EIF4A2	TCOF1	3	0.1808	0.2885
MEPCE	TCOF1	3	0.0006	0.6309
EIF4A2	TCP1	3	0.0000	0.7045
MEPCE	TCP1	3	0.0000	0.7045
EIF4A2	TECR	3	0.0000	0.7045
MEPCE	TECR	3	0.0011	0.6121
EIF4A2	TELO2	3	0.0000	0.7045
MEPCE	TELO2	3	0.0002	0.6584
EIF4A2	TES	3	0.0000	0.7045
MEPCE	TES	3	0.0000	0.7045
EIF4A2	TFAM	3	0.0000	0.7045
MEPCE	TFAM	3	0.0000	0.7045
EIF4A2	TFG	3	0.0000	0.7045
MEPCE	TFG	3	0.0000	0.7045
EIF4A2	TFIP11	3	0.0000	0.7045
MEPCE	TFIP11	3	0.0002	0.6584
EIF4A2	THOC2	3	0.0185	0.4767
MEPCE	THOC2	3	0.0000	0.7045
EIF4A2	THOC3	3	0.0000	0.7045
MEPCE	THOC3	3	0.0000	0.7045
EIF4A2	THRAP3	3	0.3446	0.1504
MEPCE	THRAP3	3	0.0000	0.7045
EIF4A2	THSD1	3	1.0000	0.0000
MEPCE	THSD1	3	0.3333	0.1871
EIF4A2	TIMM13	3	0.0000	0.7045
MEPCE	TIMM13	3	0.0013	0.6076
EIF4A2	TIMM44	3	0.0000	0.7045
MEPCE	TIMM44	3	0.0000	0.7045
EIF4A2	TIMM50	3	0.0107	0.5046
MEPCE	TIMM50	3	0.0000	0.7045
EIF4A2	TM9SF2	3	0.0000	0.7045
MEPCE	TM9SF2	3	0.0003	0.6480
EIF4A2	TM9SF3	3	0.0005	0.6342
MEPCE	TM9SF3	3	0.2303	0.2728
EIF4A2	TMA16	3	0.0000	0.7045
MEPCE	TMA16	3	0.0004	0.6406
EIF4A2	TMA7	3	0.0000	0.7045
MEPCE	TMA7	3	0.0000	0.7045
EIF4A2	TMCO1	3	0.0003	0.6480
MEPCE	TMCO1	3	0.8989	0.0061
MEPCE	TMCO6	3	1.0000	0.0000
EIF4A2	TMED10	3	0.0395	0.4249
MEPCE	TMED10	3	0.7249	0.0191
EIF4A2	TMEM33	3	0.0000	0.7045
MEPCE	TMEM33	3	0.1385	0.3065
EIF4A2	TMPO	3	0.0000	0.7045
MEPCE	TMPO	3	0.0000	0.7045
EIF4A2	TNPO1	3	0.0000	0.7045
MEPCE	TNPO1	3	0.0000	0.7045
EIF4A2	TNPO3	3	0.0002	0.6584
MEPCE	TNPO3	3	0.0068	0.5310
MEPCE	TOE1	3	1.0000	0.0000
EIF4A2	TOMM34	3	0.0000	0.7045
MEPCE	TOMM34	3	0.0000	0.7045
EIF4A2	TOP1	3	0.0000	0.7045
MEPCE	TOP1	3	0.0007	0.6261
EIF4A2	TPM1	3	0.0062	0.5362
MEPCE	TPM1	3	0.7655	0.0164
EIF4A2	TPM3	3	0.0001	0.6759
MEPCE	TPM3	3	1.0000	0.0000
EIF4A2	TPM4	3	0.0001	0.6759
MEPCE	TPM4	3	1.0000	0.0000
EIF4A2	TPR	3	0.0000	0.7045
MEPCE	TPR	3	0.0046	0.5506
EIF4A2	TRA2B	3	0.0001	0.6759
MEPCE	TRA2B	3	0.0104	0.5053
EIF4A2	TRAF2	3	0.0000	0.7045
MEPCE	TRAF2	3	0.3334	0.1836
EIF4A2	TRAF3IP1	3	0.0000	0.7045
MEPCE	TRAF3IP1	3	0.0024	0.5859
EIF4A2	TRAFD1	3	0.0000	0.7045
MEPCE	TRAFD1	3	0.0000	0.7045
EIF4A2	TRAP1	3	0.0000	0.7045
MEPCE	TRAP1	3	0.0000	0.7045
EIF4A2	TRAPPC1	3	0.0000	0.7045
MEPCE	TRAPPC1	3	0.0000	0.7045
EIF4A2	TRAPPC11	3	0.0000	0.7045
MEPCE	TRAPPC11	3	0.0000	0.7045
EIF4A2	TRAPPC3	3	0.0000	0.7045
MEPCE	TRAPPC3	3	0.0001	0.6759
EIF4A2	TRAPPC5	3	0.0000	0.7045
MEPCE	TRAPPC5	3	0.0001	0.6759
EIF4A2	TRIM21	3	0.0000	0.7045
MEPCE	TRIM21	3	0.0000	0.7045
EIF4A2	TRIM28	3	0.0000	0.7045
MEPCE	TRIM28	3	0.0000	0.7045
EIF4A2	TRIP13	3	0.0000	0.7045
MEPCE	TRIP13	3	0.0000	0.7045
EIF4A2	TRIR	3	0.0000	0.7045
MEPCE	TRIR	3	0.0000	0.7045
EIF4A2	TRMT10C	3	0.0000	0.7045
MEPCE	TRMT10C	3	0.0000	0.7045
EIF4A2	TRMT112	3	0.0002	0.6584
MEPCE	TRMT112	3	0.2287	0.2738
EIF4A2	TSPAN3	3	0.0000	0.7045
MEPCE	TSPAN3	3	0.0000	0.7045
EIF4A2	TUBA1B	3	0.0018	0.5962
MEPCE	TUBA1B	3	0.0588	0.3861
EIF4A2	TUBA1C	3	0.0000	0.7045
MEPCE	TUBA1C	3	0.0000	0.7045
EIF4A2	TUBA3C	3	0.0000	0.7045
MEPCE	TUBA3C	3	0.0010	0.6157
EIF4A2	TUBAL3	3	0.0000	0.7045
MEPCE	TUBAL3	3	0.0000	0.7045
EIF4A2	TUBB	3	0.0000	0.7045
MEPCE	TUBB	3	0.0000	0.7045
EIF4A2	TUBB2A	3	0.0000	0.7045
MEPCE	TUBB2A	3	0.0000	0.7045
EIF4A2	TUBB2B	3	0.0208	0.4681
MEPCE	TUBB2B	3	0.1318	0.3108
EIF4A2	TUBB3	3	0.9854	0.0005
MEPCE	TUBB3	3	0.0031	0.5751
EIF4A2	TUBB4B	3	0.0000	0.7045
MEPCE	TUBB4B	3	0.0004	0.6406
EIF4A2	TUBB6	3	0.0000	0.7045
MEPCE	TUBB6	3	0.0005	0.6342
EIF4A2	TUBB8	3	0.0034	0.5657
EIF4A2	TUBG1	3	0.0000	0.7045
MEPCE	TUBG1	3	0.0012	0.6085
EIF4A2	TUFM	3	0.0002	0.6584
MEPCE	TUFM	3	0.0001	0.6759
EIF4A2	TXL0	3	0.0000	0.7045
MEPCE	TXL0	3	0.0000	0.7045
EIF4A2	TXLNG	3	0.3333	0.1871
MEPCE	TXLNG	3	0.0002	0.6584
EIF4A2	TXN	3	0.0000	0.7045
MEPCE	TXN	3	0.0000	0.7045
EIF4A2	TXN2	3	0.0000	0.7045
MEPCE	TXN2	3	0.0000	0.7045
EIF4A2	TXNDC12	3	0.0000	0.7045
MEPCE	TXNDC12	3	0.0000	0.7045
EIF4A2	TXNDC5	3	0.0000	0.7045
MEPCE	TXNDC5	3	0.0000	0.7045
EIF4A2	TXNDC9	3	0.0006	0.6309
MEPCE	TXNDC9	3	0.0327	0.4396
EIF4A2	U2AF1	3	0.0000	0.7045
MEPCE	U2AF1	3	0.0000	0.7045
EIF4A2	U2AF2	3	0.0000	0.7045
MEPCE	U2AF2	3	0.0004	0.6406
EIF4A2	U2SURP	3	0.0007	0.6261
MEPCE	U2SURP	3	0.0000	0.7045
EIF4A2	UBA1	3	0.0000	0.7045
MEPCE	UBA1	3	0.0000	0.7045
EIF4A2	UBA2	3	0.0000	0.7045
MEPCE	UBA2	3	0.0000	0.7045
EIF4A2	UBAP2	3	0.0007	0.6261
MEPCE	UBAP2	3	0.0007	0.6261
EIF4A2	UBAP2L	3	0.0000	0.7045
MEPCE	UBAP2L	3	0.0000	0.7045
EIF4A2	UBE2E1	3	0.0000	0.7045
MEPCE	UBE2E1	3	0.0000	0.7045
EIF4A2	UBE2I	3	0.0000	0.7045
MEPCE	UBE2I	3	0.0001	0.6759
EIF4A2	UBE2L3	3	0.0000	0.7045
MEPCE	UBE2L3	3	0.0000	0.7045
EIF4A2	UBE2M	3	0.0000	0.7045
MEPCE	UBE2M	3	0.0000	0.7045
EIF4A2	UBE2N	3	0.0000	0.7045
MEPCE	UBE2N	3	0.0000	0.7045
EIF4A2	UBE2O	3	0.0022	0.5891
MEPCE	UBE2O	3	0.0056	0.5408
EIF4A2	UBE2S	3	0.0000	0.7045
MEPCE	UBE2S	3	0.0000	0.7045
EIF4A2	UBL4A	3	0.0000	0.7045
MEPCE	UBL4A	3	0.9928	0.0002
EIF4A2	UBR5	3	0.0000	0.7045
MEPCE	UBR5	3	0.0000	0.7045
EIF4A2	UCHL1	3	0.0000	0.7045
MEPCE	UCHL1	3	0.0000	0.7045
EIF4A2	UCKL1	3	0.0000	0.7045
MEPCE	UCKL1	3	0.0000	0.7045
EIF4A2	UGGT1	3	0.0000	0.7045
MEPCE	UGGT1	3	0.0000	0.7045
EIF4A2	UGP2	3	0.0000	0.7045
MEPCE	UGP2	3	0.0000	0.7045
EIF4A2	UPF1	3	0.9990	0.0000
MEPCE	UPF1	3	0.1832	0.2874
EIF4A2	UPF3B	3	0.0000	0.7045
MEPCE	UPF3B	3	0.0873	0.3513
EIF4A2	UQCC1	3	0.0005	0.6342
MEPCE	UQCC1	3	0.1267	0.3150
EIF4A2	UQCC2	3	0.0000	0.7045
MEPCE	UQCC2	3	0.2785	0.2494
EIF4A2	UQCRC2	3	0.0000	0.7045
MEPCE	UQCRC2	3	0.0084	0.5160
EIF4A2	USO1	3	0.0000	0.7045
MEPCE	USO1	3	0.0000	0.7045
EIF4A2	USP11	3	0.0024	0.5859
MEPCE	USP11	3	1.0000	0.0000
EIF4A2	USP7	3	0.0000	0.7045
MEPCE	USP7	3	0.0003	0.6480
EIF4A2	USP9X	3	0.2674	0.2564
MEPCE	USP9X	3	0.0000	0.7045
EIF4A2	UTP14A	3	0.1687	0.2958
MEPCE	UTP14A	3	0.5084	0.0939
MEPCE	VAPB	3	0.0000	0.7045
EIF4A2	VARS1	3	0.0000	0.7045
MEPCE	VARS1	3	0.0137	0.4907
EIF4A2	VBP1	3	0.0000	0.7045
MEPCE	VBP1	3	0.0000	0.7045
EIF4A2	VCP	3	0.0000	0.7045
MEPCE	VCP	3	0.0000	0.7045
EIF4A2	VIM	3	0.0000	0.7045
MEPCE	VIM	3	0.0479	0.4060
EIF4A2	VPS18	3	0.3339	0.1775
MEPCE	VPS18	3	0.0904	0.3462
EIF4A2	VPS33A	3	0.0072	0.5269
MEPCE	VPS33A	3	0.0657	0.3709
EIF4A2	VPS35L	3	0.0000	0.7045
MEPCE	VPS35L	3	0.0001	0.6759
EIF4A2	VPS41	3	0.0037	0.5612
MEPCE	VPS41	3	0.2261	0.2748
EIF4A2	VPS50	3	0.0000	0.7045
MEPCE	VPS50	3	0.0091	0.5123
EIF4A2	VPS51	3	0.0000	0.7045
MEPCE	VPS51	3	0.0003	0.6480
EIF4A2	VPS52	3	0.0000	0.7045
MEPCE	VPS52	3	0.0000	0.7045
EIF4A2	WARS1	3	0.0000	0.7045
MEPCE	WARS1	3	0.0000	0.7045
EIF4A2	WASH3P	3	0.0000	0.7045
MEPCE	WASH3P	3	0.0055	0.5413
EIF4A2	WASHC2A	3	0.0000	0.7045
MEPCE	WASHC2A	3	0.4804	0.0987
EIF4A2	WASHC4	3	0.0000	0.7045
MEPCE	WASHC4	3	0.0000	0.7045
EIF4A2	WASHC5	3	0.0000	0.7045
MEPCE	WASHC5	3	0.0003	0.6480
EIF4A2	WBP11	3	0.0000	0.7045
MEPCE	WBP11	3	0.0000	0.7045
EIF4A2	WDR26	3	0.0000	0.7045
MEPCE	WDR26	3	0.0000	0.7045
EIF4A2	WDR33	3	0.0000	0.7045
MEPCE	WDR33	3	0.0000	0.7045
EIF4A2	WDR70	3	0.0000	0.7045
MEPCE	WDR70	3	0.0000	0.7045
EIF4A2	WDR77	3	0.0000	0.7045
MEPCE	WDR77	3	0.0000	0.7045
EIF4A2	WDR83	3	0.0000	0.7045
MEPCE	WDR83	3	0.0000	0.7045
EIF4A2	XPO1	3	0.0000	0.7045
MEPCE	XPO1	3	0.0000	0.7045
EIF4A2	XPO5	3	0.0000	0.7045
MEPCE	XPO5	3	0.0001	0.6759
EIF4A2	XPO7	3	0.0000	0.7045
MEPCE	XPO7	3	0.0000	0.7045
EIF4A2	XRCC5	3	0.0001	0.6759
MEPCE	XRCC5	3	0.0884	0.3483
EIF4A2	XRCC6	3	0.0000	0.7045
MEPCE	XRCC6	3	0.3536	0.1410
EIF4A2	XRN2	3	0.0000	0.7045
MEPCE	XRN2	3	0.0000	0.7045
EIF4A2	YARS1	3	0.0000	0.7045
MEPCE	YARS1	3	0.0000	0.7045
EIF4A2	YBEY	3	0.0055	0.5413
MEPCE	YBEY	3	1.0000	0.0000
EIF4A2	YBX1	3	0.0034	0.5657
MEPCE	YBX1	3	0.4489	0.1100
EIF4A2	YBX3	3	1.0000	0.0000
MEPCE	YBX3	3	1.0000	0.0000
EIF4A2	YIPF4	3	0.0010	0.6157
MEPCE	YIPF4	3	0.0001	0.6759
EIF4A2	YTHDC2	3	0.0836	0.3572
MEPCE	YTHDC2	3	0.9612	0.0016
EIF4A2	YTHDF1	3	0.3333	0.1871
MEPCE	YTHDF1	3	1.0000	0.0000
EIF4A2	YTHDF2	3	0.0814	0.3612
MEPCE	YTHDF2	3	0.9996	0.0000
EIF4A2	YWHAB	3	0.0004	0.6406
MEPCE	YWHAB	3	0.0373	0.4266
EIF4A2	YWHAE	3	0.0000	0.7045
MEPCE	YWHAE	3	0.0135	0.4914
EIF4A2	YWHAG	3	0.0010	0.6157
MEPCE	YWHAG	3	0.0140	0.4893
EIF4A2	YWHAQ	3	0.0000	0.7045
MEPCE	YWHAQ	3	0.0012	0.6085
EIF4A2	YWHAZ	3	0.0000	0.7045
MEPCE	YWHAZ	3	0.0494	0.4025
EIF4A2	YY1	3	0.2947	0.2401
MEPCE	YY1	3	0.0001	0.6759
EIF4A2	ZC3H13	3	0.6681	0.0378
MEPCE	ZC3H13	3	0.3516	0.1451
EIF4A2	ZC3H15	3	0.0000	0.7045
MEPCE	ZC3H15	3	0.0000	0.7045
EIF4A2	ZC3H18	3	0.3352	0.1713
MEPCE	ZC3H18	3	0.0029	0.5770
EIF4A2	ZC3H4	3	0.0000	0.7045
MEPCE	ZC3H4	3	0.0005	0.6342
EIF4A2	ZC3HAV1	3	0.0021	0.5904
MEPCE	ZC3HAV1	3	0.8142	0.0121
EIF4A2	ZCCHC17	3	0.0000	0.7045
MEPCE	ZCCHC17	3	0.0000	0.7045
EIF4A2	ZGPAT	3	0.0008	0.6216
MEPCE	ZGPAT	3	0.9998	0.0000
EIF4A2	ZMAT2	3	0.0000	0.7045
MEPCE	ZMAT2	3	0.0000	0.7045
EIF4A2	ZNF207	3	0.0000	0.7045
MEPCE	ZNF207	3	0.0000	0.7045
EIF4A2	ZNF326	3	0.0002	0.6584
MEPCE	ZNF326	3	0.0000	0.7045
EIF4A2	ZNF511	3	0.0110	0.5027
MEPCE	ZNF511	3	0.8481	0.0089
EIF4A2	ZNF593	3	0.0000	0.7045
MEPCE	ZNF593	3	0.0000	0.7045
EIF4A2	ZNF638	3	0.0002	0.6584
MEPCE	ZNF638	3	0.0003	0.6480
EIF4A2	ZNF703	3	0.0004	0.6406
MEPCE	ZNF703	3	0.0011	0.6121
EIF4A2	ZNF706	3	0.0000	0.7045
MEPCE	ZNF706	3	0.0000	0.7045
EIF4A2	ZNRD2	3	0.0000	0.7045
MEPCE	ZNRD2	3	0.0000	0.7045
EIF4A2	ZRANB2	3	0.0000	0.7045
MEPCE	ZRANB2	3	0.0000	0.7045
EIF4A2	ZW10	3	0.0000	0.7045
MEPCE	ZW10	3	0.0000	0.7045
EIF4A2	ZYX	3	0.0000	0.7045
MEPCE	ZYX	3	0.0000	0.7045
